npm warn Unknown env config "devdir". This will stop working in the next major version of npm. See `npm help npmrc` for supported config options.

> dls-hotels-backend@0.0.1 start:dev
> nest start --watch

[2J[3J[H[[90m8:47:03 a. m.[0m] Starting compilation in watch mode...

[[90m8:47:35 a. m.[0m] Found 0 errors. Watching for file changes.

[Nest] 17164  - 29/09/2026, 8:48:11 a. m.     LOG [NestFactory] Starting Nest application...
[Nest] 17164  - 29/09/2026, 8:48:11 a. m.     LOG [InstanceLoader] AppModule dependencies initialized +20ms
[Nest] 17164  - 29/09/2026, 8:48:11 a. m.     LOG [InstanceLoader] PrismaModule dependencies initialized +0ms
[Nest] 17164  - 29/09/2026, 8:48:11 a. m.     LOG [InstanceLoader] JwtModule dependencies initialized +42ms
[Nest] 17164  - 29/09/2026, 8:48:11 a. m.     LOG [InstanceLoader] DepartmentsModule dependencies initialized +1ms
[Nest] 17164  - 29/09/2026, 8:48:11 a. m.     LOG [InstanceLoader] PermissionGroupsModule dependencies initialized +0ms
[Nest] 17164  - 29/09/2026, 8:48:11 a. m.     LOG [InstanceLoader] ProvincesModule dependencies initialized +1ms
[Nest] 17164  - 29/09/2026, 8:48:11 a. m.     LOG [InstanceLoader] DistrictsModule dependencies initialized +0ms
[Nest] 17164  - 29/09/2026, 8:48:11 a. m.     LOG [InstanceLoader] PropertiesModule dependencies initialized +0ms
[Nest] 17164  - 29/09/2026, 8:48:11 a. m.     LOG [InstanceLoader] FloorsModule dependencies initialized +0ms
[Nest] 17164  - 29/09/2026, 8:48:11 a. m.     LOG [InstanceLoader] RoomTypesModule dependencies initialized +0ms
[Nest] 17164  - 29/09/2026, 8:48:11 a. m.     LOG [InstanceLoader] RoomsModule dependencies initialized +0ms
[Nest] 17164  - 29/09/2026, 8:48:11 a. m.     LOG [InstanceLoader] RolesModule dependencies initialized +0ms
[Nest] 17164  - 29/09/2026, 8:48:11 a. m.     LOG [InstanceLoader] PermissionsModule dependencies initialized +1ms
[Nest] 17164  - 29/09/2026, 8:48:11 a. m.     LOG [InstanceLoader] EmployeesModule dependencies initialized +0ms
[Nest] 17164  - 29/09/2026, 8:48:11 a. m.     LOG [InstanceLoader] GuestsModule dependencies initialized +0ms
[Nest] 17164  - 29/09/2026, 8:48:11 a. m.     LOG [InstanceLoader] CompaniesModule dependencies initialized +0ms
[Nest] 17164  - 29/09/2026, 8:48:11 a. m.     LOG [InstanceLoader] RatesModule dependencies initialized +0ms
[Nest] 17164  - 29/09/2026, 8:48:11 a. m.     LOG [InstanceLoader] AuthModule dependencies initialized +0ms
[Nest] 17164  - 29/09/2026, 8:48:11 a. m.     LOG [InstanceLoader] ReservationsModule dependencies initialized +0ms
[Nest] 17164  - 29/09/2026, 8:48:11 a. m.     LOG [RoutesResolver] AuthController {/api/v1/auth}: +133ms
[Nest] 17164  - 29/09/2026, 8:48:11 a. m.     LOG [RouterExplorer] Mapped {/api/v1/auth/login, POST} route +3ms
[Nest] 17164  - 29/09/2026, 8:48:11 a. m.     LOG [RouterExplorer] Mapped {/api/v1/auth/google, POST} route +0ms
[Nest] 17164  - 29/09/2026, 8:48:11 a. m.     LOG [RouterExplorer] Mapped {/api/v1/auth/google, GET} route +0ms
[Nest] 17164  - 29/09/2026, 8:48:11 a. m.     LOG [RouterExplorer] Mapped {/api/v1/auth/google/callback, GET} route +0ms
[Nest] 17164  - 29/09/2026, 8:48:12 a. m.     LOG [RouterExplorer] Mapped {/api/v1/auth/me, GET} route +1ms
[Nest] 17164  - 29/09/2026, 8:48:12 a. m.     LOG [RouterExplorer] Mapped {/api/v1/auth/logout, POST} route +0ms
[Nest] 17164  - 29/09/2026, 8:48:12 a. m.     LOG [RouterExplorer] Mapped {/api/v1/auth/google/logout, POST} route +0ms
[Nest] 17164  - 29/09/2026, 8:48:12 a. m.     LOG [RoutesResolver] MaterioLoginController {/api/v1}: +0ms
[Nest] 17164  - 29/09/2026, 8:48:12 a. m.     LOG [RouterExplorer] Mapped {/api/v1/login, POST} route +0ms
[Nest] 17164  - 29/09/2026, 8:48:12 a. m.     LOG [RoutesResolver] DepartmentsController {/api/v1/departments}: +0ms
[Nest] 17164  - 29/09/2026, 8:48:12 a. m.     LOG [RouterExplorer] Mapped {/api/v1/departments, POST} route +1ms
[Nest] 17164  - 29/09/2026, 8:48:12 a. m.     LOG [RouterExplorer] Mapped {/api/v1/departments, GET} route +0ms
[Nest] 17164  - 29/09/2026, 8:48:12 a. m.     LOG [RouterExplorer] Mapped {/api/v1/departments/:uuid, GET} route +0ms
[Nest] 17164  - 29/09/2026, 8:48:12 a. m.     LOG [RouterExplorer] Mapped {/api/v1/departments/:uuid, PATCH} route +0ms
[Nest] 17164  - 29/09/2026, 8:48:12 a. m.     LOG [RouterExplorer] Mapped {/api/v1/departments/:uuid, DELETE} route +0ms
[Nest] 17164  - 29/09/2026, 8:48:12 a. m.     LOG [RoutesResolver] ProvincesController {/api/v1/provinces}: +0ms
[Nest] 17164  - 29/09/2026, 8:48:12 a. m.     LOG [RouterExplorer] Mapped {/api/v1/provinces, POST} route +1ms
[Nest] 17164  - 29/09/2026, 8:48:12 a. m.     LOG [RouterExplorer] Mapped {/api/v1/provinces, GET} route +0ms
[Nest] 17164  - 29/09/2026, 8:48:12 a. m.     LOG [RouterExplorer] Mapped {/api/v1/provinces/by-department/:departmentId, GET} route +0ms
[Nest] 17164  - 29/09/2026, 8:48:12 a. m.     LOG [RouterExplorer] Mapped {/api/v1/provinces/:uuid, GET} route +0ms
[Nest] 17164  - 29/09/2026, 8:48:12 a. m.     LOG [RouterExplorer] Mapped {/api/v1/provinces/:uuid, PATCH} route +0ms
[Nest] 17164  - 29/09/2026, 8:48:12 a. m.     LOG [RouterExplorer] Mapped {/api/v1/provinces/:uuid, DELETE} route +0ms
[Nest] 17164  - 29/09/2026, 8:48:12 a. m.     LOG [RoutesResolver] DistrictsController {/api/v1/districts}: +0ms
[Nest] 17164  - 29/09/2026, 8:48:12 a. m.     LOG [RouterExplorer] Mapped {/api/v1/districts, POST} route +1ms
[Nest] 17164  - 29/09/2026, 8:48:12 a. m.     LOG [RouterExplorer] Mapped {/api/v1/districts, GET} route +0ms
[Nest] 17164  - 29/09/2026, 8:48:12 a. m.     LOG [RouterExplorer] Mapped {/api/v1/districts/by-province/:provinceId, GET} route +0ms
[Nest] 17164  - 29/09/2026, 8:48:12 a. m.     LOG [RouterExplorer] Mapped {/api/v1/districts/:uuid, GET} route +0ms
[Nest] 17164  - 29/09/2026, 8:48:12 a. m.     LOG [RouterExplorer] Mapped {/api/v1/districts/:uuid, PATCH} route +0ms
[Nest] 17164  - 29/09/2026, 8:48:12 a. m.     LOG [RouterExplorer] Mapped {/api/v1/districts/:uuid, DELETE} route +0ms
[Nest] 17164  - 29/09/2026, 8:48:12 a. m.     LOG [RoutesResolver] PropertiesController {/api/v1/properties}: +0ms
[Nest] 17164  - 29/09/2026, 8:48:12 a. m.     LOG [RouterExplorer] Mapped {/api/v1/properties, POST} route +0ms
[Nest] 17164  - 29/09/2026, 8:48:12 a. m.     LOG [RouterExplorer] Mapped {/api/v1/properties, GET} route +0ms
[Nest] 17164  - 29/09/2026, 8:48:12 a. m.     LOG [RouterExplorer] Mapped {/api/v1/properties/:uuid, GET} route +0ms
[Nest] 17164  - 29/09/2026, 8:48:12 a. m.     LOG [RouterExplorer] Mapped {/api/v1/properties/:uuid, PATCH} route +0ms
[Nest] 17164  - 29/09/2026, 8:48:12 a. m.     LOG [RouterExplorer] Mapped {/api/v1/properties/:uuid, DELETE} route +0ms
[Nest] 17164  - 29/09/2026, 8:48:12 a. m.     LOG [RoutesResolver] PropertySettingsController {/api/v1/properties/:propertyId/settings}: +1ms
[Nest] 17164  - 29/09/2026, 8:48:12 a. m.     LOG [RouterExplorer] Mapped {/api/v1/properties/:propertyId/settings, GET} route +0ms
[Nest] 17164  - 29/09/2026, 8:48:12 a. m.     LOG [RouterExplorer] Mapped {/api/v1/properties/:propertyId/settings, PATCH} route +0ms
[Nest] 17164  - 29/09/2026, 8:48:12 a. m.     LOG [RoutesResolver] FloorsController {/api/v1/properties/:propertyId/floors}: +0ms
[Nest] 17164  - 29/09/2026, 8:48:12 a. m.     LOG [RouterExplorer] Mapped {/api/v1/properties/:propertyId/floors, POST} route +0ms
[Nest] 17164  - 29/09/2026, 8:48:12 a. m.     LOG [RouterExplorer] Mapped {/api/v1/properties/:propertyId/floors, GET} route +0ms
[Nest] 17164  - 29/09/2026, 8:48:12 a. m.     LOG [RouterExplorer] Mapped {/api/v1/properties/:propertyId/floors/:uuid, GET} route +0ms
[Nest] 17164  - 29/09/2026, 8:48:12 a. m.     LOG [RouterExplorer] Mapped {/api/v1/properties/:propertyId/floors/:uuid, PATCH} route +0ms
[Nest] 17164  - 29/09/2026, 8:48:12 a. m.     LOG [RouterExplorer] Mapped {/api/v1/properties/:propertyId/floors/:uuid, DELETE} route +0ms
[Nest] 17164  - 29/09/2026, 8:48:12 a. m.     LOG [RoutesResolver] RoomTypesController {/api/v1/properties/:propertyId/room-types}: +0ms
[Nest] 17164  - 29/09/2026, 8:48:12 a. m.     LOG [RouterExplorer] Mapped {/api/v1/properties/:propertyId/room-types, POST} route +1ms
[Nest] 17164  - 29/09/2026, 8:48:12 a. m.     LOG [RouterExplorer] Mapped {/api/v1/properties/:propertyId/room-types, GET} route +0ms
[Nest] 17164  - 29/09/2026, 8:48:12 a. m.     LOG [RouterExplorer] Mapped {/api/v1/properties/:propertyId/room-types/:uuid, GET} route +0ms
[Nest] 17164  - 29/09/2026, 8:48:12 a. m.     LOG [RouterExplorer] Mapped {/api/v1/properties/:propertyId/room-types/:uuid, PATCH} route +0ms
[Nest] 17164  - 29/09/2026, 8:48:12 a. m.     LOG [RouterExplorer] Mapped {/api/v1/properties/:propertyId/room-types/:uuid, DELETE} route +0ms
[Nest] 17164  - 29/09/2026, 8:48:12 a. m.     LOG [RoutesResolver] RoomsController {/api/v1/properties/:propertyId/rooms}: +0ms
[Nest] 17164  - 29/09/2026, 8:48:12 a. m.     LOG [RouterExplorer] Mapped {/api/v1/properties/:propertyId/rooms, POST} route +0ms
[Nest] 17164  - 29/09/2026, 8:48:12 a. m.     LOG [RouterExplorer] Mapped {/api/v1/properties/:propertyId/rooms, GET} route +1ms
[Nest] 17164  - 29/09/2026, 8:48:12 a. m.     LOG [RouterExplorer] Mapped {/api/v1/properties/:propertyId/rooms/:uuid, GET} route +0ms
[Nest] 17164  - 29/09/2026, 8:48:12 a. m.     LOG [RouterExplorer] Mapped {/api/v1/properties/:propertyId/rooms/:uuid, PATCH} route +0ms
[Nest] 17164  - 29/09/2026, 8:48:12 a. m.     LOG [RouterExplorer] Mapped {/api/v1/properties/:propertyId/rooms/:uuid, DELETE} route +0ms
[Nest] 17164  - 29/09/2026, 8:48:12 a. m.     LOG [RoutesResolver] RolesController {/api/v1/properties/:propertyId/roles}: +0ms
[Nest] 17164  - 29/09/2026, 8:48:12 a. m.     LOG [RouterExplorer] Mapped {/api/v1/properties/:propertyId/roles, POST} route +0ms
[Nest] 17164  - 29/09/2026, 8:48:12 a. m.     LOG [RouterExplorer] Mapped {/api/v1/properties/:propertyId/roles, GET} route +0ms
[Nest] 17164  - 29/09/2026, 8:48:12 a. m.     LOG [RouterExplorer] Mapped {/api/v1/properties/:propertyId/roles/:uuid, GET} route +0ms
[Nest] 17164  - 29/09/2026, 8:48:12 a. m.     LOG [RouterExplorer] Mapped {/api/v1/properties/:propertyId/roles/:uuid/permissions, GET} route +0ms
[Nest] 17164  - 29/09/2026, 8:48:12 a. m.     LOG [RouterExplorer] Mapped {/api/v1/properties/:propertyId/roles/:uuid, PATCH} route +0ms
[Nest] 17164  - 29/09/2026, 8:48:12 a. m.     LOG [RouterExplorer] Mapped {/api/v1/properties/:propertyId/roles/:uuid, DELETE} route +1ms
[Nest] 17164  - 29/09/2026, 8:48:12 a. m.     LOG [RoutesResolver] PermissionGroupsController {/api/v1/permission-groups}: +0ms
[Nest] 17164  - 29/09/2026, 8:48:12 a. m.     LOG [RouterExplorer] Mapped {/api/v1/permission-groups, POST} route +0ms
[Nest] 17164  - 29/09/2026, 8:48:12 a. m.     LOG [RouterExplorer] Mapped {/api/v1/permission-groups, GET} route +0ms
[Nest] 17164  - 29/09/2026, 8:48:12 a. m.     LOG [RouterExplorer] Mapped {/api/v1/permission-groups/:uuid, GET} route +0ms
[Nest] 17164  - 29/09/2026, 8:48:12 a. m.     LOG [RouterExplorer] Mapped {/api/v1/permission-groups/:uuid, PATCH} route +0ms
[Nest] 17164  - 29/09/2026, 8:48:12 a. m.     LOG [RouterExplorer] Mapped {/api/v1/permission-groups/:uuid, DELETE} route +0ms
[Nest] 17164  - 29/09/2026, 8:48:12 a. m.     LOG [RoutesResolver] PermissionsController {/api/v1/permissions}: +0ms
[Nest] 17164  - 29/09/2026, 8:48:12 a. m.     LOG [RouterExplorer] Mapped {/api/v1/permissions, POST} route +0ms
[Nest] 17164  - 29/09/2026, 8:48:12 a. m.     LOG [RouterExplorer] Mapped {/api/v1/permissions, GET} route +0ms
[Nest] 17164  - 29/09/2026, 8:48:12 a. m.     LOG [RouterExplorer] Mapped {/api/v1/permissions/by-group/:permissionGroupId, GET} route +0ms
[Nest] 17164  - 29/09/2026, 8:48:12 a. m.     LOG [RouterExplorer] Mapped {/api/v1/permissions/:uuid, GET} route +0ms
[Nest] 17164  - 29/09/2026, 8:48:12 a. m.     LOG [RouterExplorer] Mapped {/api/v1/permissions/:uuid, PATCH} route +1ms
[Nest] 17164  - 29/09/2026, 8:48:12 a. m.     LOG [RouterExplorer] Mapped {/api/v1/permissions/:uuid, DELETE} route +0ms
[Nest] 17164  - 29/09/2026, 8:48:12 a. m.     LOG [RoutesResolver] EmployeesController {/api/v1/properties/:propertyId/employees}: +0ms
[Nest] 17164  - 29/09/2026, 8:48:12 a. m.     LOG [RouterExplorer] Mapped {/api/v1/properties/:propertyId/employees, POST} route +0ms
[Nest] 17164  - 29/09/2026, 8:48:12 a. m.     LOG [RouterExplorer] Mapped {/api/v1/properties/:propertyId/employees, GET} route +0ms
[Nest] 17164  - 29/09/2026, 8:48:12 a. m.     LOG [RouterExplorer] Mapped {/api/v1/properties/:propertyId/employees/:uuid, GET} route +0ms
[Nest] 17164  - 29/09/2026, 8:48:12 a. m.     LOG [RouterExplorer] Mapped {/api/v1/properties/:propertyId/employees/:uuid, PATCH} route +0ms
[Nest] 17164  - 29/09/2026, 8:48:12 a. m.     LOG [RouterExplorer] Mapped {/api/v1/properties/:propertyId/employees/:uuid, DELETE} route +0ms
[Nest] 17164  - 29/09/2026, 8:48:12 a. m.     LOG [RoutesResolver] GuestsController {/api/v1/properties/:propertyId/guests}: +0ms
[Nest] 17164  - 29/09/2026, 8:48:12 a. m.     LOG [RouterExplorer] Mapped {/api/v1/properties/:propertyId/guests, POST} route +0ms
[Nest] 17164  - 29/09/2026, 8:48:12 a. m.     LOG [RouterExplorer] Mapped {/api/v1/properties/:propertyId/guests, GET} route +0ms
[Nest] 17164  - 29/09/2026, 8:48:12 a. m.     LOG [RouterExplorer] Mapped {/api/v1/properties/:propertyId/guests/:uuid, GET} route +1ms
[Nest] 17164  - 29/09/2026, 8:48:12 a. m.     LOG [RouterExplorer] Mapped {/api/v1/properties/:propertyId/guests/:uuid, PATCH} route +0ms
[Nest] 17164  - 29/09/2026, 8:48:12 a. m.     LOG [RouterExplorer] Mapped {/api/v1/properties/:propertyId/guests/:uuid, DELETE} route +0ms
[Nest] 17164  - 29/09/2026, 8:48:12 a. m.     LOG [RoutesResolver] CompaniesController {/api/v1/properties/:propertyId/companies}: +0ms
[Nest] 17164  - 29/09/2026, 8:48:12 a. m.     LOG [RouterExplorer] Mapped {/api/v1/properties/:propertyId/companies, POST} route +0ms
[Nest] 17164  - 29/09/2026, 8:48:12 a. m.     LOG [RouterExplorer] Mapped {/api/v1/properties/:propertyId/companies, GET} route +1ms
[Nest] 17164  - 29/09/2026, 8:48:12 a. m.     LOG [RouterExplorer] Mapped {/api/v1/properties/:propertyId/companies/:uuid, GET} route +0ms
[Nest] 17164  - 29/09/2026, 8:48:12 a. m.     LOG [RouterExplorer] Mapped {/api/v1/properties/:propertyId/companies/:uuid, PATCH} route +0ms
[Nest] 17164  - 29/09/2026, 8:48:12 a. m.     LOG [RouterExplorer] Mapped {/api/v1/properties/:propertyId/companies/:uuid, DELETE} route +0ms
[Nest] 17164  - 29/09/2026, 8:48:12 a. m.     LOG [RoutesResolver] RatesController {/api/v1/properties/:propertyId/rates}: +0ms
[Nest] 17164  - 29/09/2026, 8:48:12 a. m.     LOG [RouterExplorer] Mapped {/api/v1/properties/:propertyId/rates, POST} route +0ms
[Nest] 17164  - 29/09/2026, 8:48:12 a. m.     LOG [RouterExplorer] Mapped {/api/v1/properties/:propertyId/rates, GET} route +0ms
[Nest] 17164  - 29/09/2026, 8:48:12 a. m.     LOG [RouterExplorer] Mapped {/api/v1/properties/:propertyId/rates/:uuid, GET} route +1ms
[Nest] 17164  - 29/09/2026, 8:48:12 a. m.     LOG [RouterExplorer] Mapped {/api/v1/properties/:propertyId/rates/:uuid, PATCH} route +0ms
[Nest] 17164  - 29/09/2026, 8:48:12 a. m.     LOG [RouterExplorer] Mapped {/api/v1/properties/:propertyId/rates/:uuid, DELETE} route +0ms
[Nest] 17164  - 29/09/2026, 8:48:12 a. m.     LOG [RoutesResolver] ReservationsController {/api/v1/properties/:propertyId/reservations}: +0ms
[Nest] 17164  - 29/09/2026, 8:48:12 a. m.     LOG [RouterExplorer] Mapped {/api/v1/properties/:propertyId/reservations, POST} route +0ms
[Nest] 17164  - 29/09/2026, 8:48:12 a. m.     LOG [RouterExplorer] Mapped {/api/v1/properties/:propertyId/reservations, GET} route +0ms
[Nest] 17164  - 29/09/2026, 8:48:12 a. m.     LOG [RouterExplorer] Mapped {/api/v1/properties/:propertyId/reservations/:uuid, GET} route +0ms
[Nest] 17164  - 29/09/2026, 8:48:12 a. m.     LOG [RouterExplorer] Mapped {/api/v1/properties/:propertyId/reservations/:uuid, PATCH} route +1ms
[Nest] 17164  - 29/09/2026, 8:48:12 a. m.     LOG [RouterExplorer] Mapped {/api/v1/properties/:propertyId/reservations/:uuid/cancel, POST} route +0ms
[Nest] 17164  - 29/09/2026, 8:48:12 a. m.     LOG [RoutesResolver] ReservationRoomsController {/api/v1/properties/:propertyId/reservations/:reservationUuid/rooms}: +0ms
[Nest] 17164  - 29/09/2026, 8:48:12 a. m.     LOG [RouterExplorer] Mapped {/api/v1/properties/:propertyId/reservations/:reservationUuid/rooms, GET} route +0ms
[Nest] 17164  - 29/09/2026, 8:48:12 a. m.     LOG [RouterExplorer] Mapped {/api/v1/properties/:propertyId/reservations/:reservationUuid/rooms/:uuid, GET} route +0ms
[Nest] 17164  - 29/09/2026, 8:48:12 a. m.     LOG [RouterExplorer] Mapped {/api/v1/properties/:propertyId/reservations/:reservationUuid/rooms, POST} route +0ms
[Nest] 17164  - 29/09/2026, 8:48:12 a. m.     LOG [RouterExplorer] Mapped {/api/v1/properties/:propertyId/reservations/:reservationUuid/rooms/:uuid, PATCH} route +0ms
[Nest] 17164  - 29/09/2026, 8:48:12 a. m.     LOG [RouterExplorer] Mapped {/api/v1/properties/:propertyId/reservations/:reservationUuid/rooms/:uuid, DELETE} route +1ms
[Nest] 17164  - 29/09/2026, 8:48:12 a. m.     LOG [RouterExplorer] Mapped {/api/v1/properties/:propertyId/reservations/:reservationUuid/rooms/:uuid/check-in, POST} route +0ms
[Nest] 17164  - 29/09/2026, 8:48:12 a. m.     LOG [RouterExplorer] Mapped {/api/v1/properties/:propertyId/reservations/:reservationUuid/rooms/:uuid/check-out, POST} route +0ms
[Nest] 17164  - 29/09/2026, 8:48:12 a. m.     LOG [RoutesResolver] ReservationGuestsController {/api/v1/properties/:propertyId/reservation-rooms/:reservationRoomUuid/guests}: +0ms
[Nest] 17164  - 29/09/2026, 8:48:12 a. m.     LOG [RouterExplorer] Mapped {/api/v1/properties/:propertyId/reservation-rooms/:reservationRoomUuid/guests, GET} route +0ms
[Nest] 17164  - 29/09/2026, 8:48:12 a. m.     LOG [RouterExplorer] Mapped {/api/v1/properties/:propertyId/reservation-rooms/:reservationRoomUuid/guests, POST} route +0ms
[Nest] 17164  - 29/09/2026, 8:48:12 a. m.     LOG [RouterExplorer] Mapped {/api/v1/properties/:propertyId/reservation-rooms/:reservationRoomUuid/guests/:id, PATCH} route +0ms
[Nest] 17164  - 29/09/2026, 8:48:12 a. m.     LOG [RouterExplorer] Mapped {/api/v1/properties/:propertyId/reservation-rooms/:reservationRoomUuid/guests/:id, DELETE} route +0ms
[Nest] 17164  - 29/09/2026, 8:48:12 a. m.     LOG [RoutesResolver] PaymentsController {/api/v1/properties/:propertyId}: +0ms
[Nest] 17164  - 29/09/2026, 8:48:12 a. m.     LOG [RouterExplorer] Mapped {/api/v1/properties/:propertyId/payments, GET} route +0ms
[Nest] 17164  - 29/09/2026, 8:48:12 a. m.     LOG [RouterExplorer] Mapped {/api/v1/properties/:propertyId/payments/:uuid, GET} route +1ms
[Nest] 17164  - 29/09/2026, 8:48:12 a. m.     LOG [RouterExplorer] Mapped {/api/v1/properties/:propertyId/reservations/:reservationUuid/payments, GET} route +0ms
[Nest] 17164  - 29/09/2026, 8:48:12 a. m.     LOG [RouterExplorer] Mapped {/api/v1/properties/:propertyId/reservations/:reservationUuid/payments, POST} route +0ms
[Nest] 17164  - 29/09/2026, 8:48:12 a. m.     LOG [RoutesResolver] AvailabilityController {/api/v1/properties/:propertyId/availability}: +0ms
[Nest] 17164  - 29/09/2026, 8:48:12 a. m.     LOG [RouterExplorer] Mapped {/api/v1/properties/:propertyId/availability, GET} route +0ms
[Nest] 17164  - 29/09/2026, 8:48:12 a. m.     LOG [RoutesResolver] FrontDeskController {/api/v1/properties/:propertyId/front-desk}: +0ms
[Nest] 17164  - 29/09/2026, 8:48:12 a. m.     LOG [RouterExplorer] Mapped {/api/v1/properties/:propertyId/front-desk, GET} route +0ms
[Nest] 17164  - 29/09/2026, 8:48:12 a. m.     LOG [RouterExplorer] Mapped {/api/v1/properties/:propertyId/front-desk/walk-in, POST} route +0ms
[Nest] 17164  - 29/09/2026, 8:48:12 a. m.     LOG [RoutesResolver] PlanningController {/api/v1/properties/:propertyId/planning}: +0ms
[Nest] 17164  - 29/09/2026, 8:48:12 a. m.     LOG [RouterExplorer] Mapped {/api/v1/properties/:propertyId/planning, GET} route +0ms
[Nest] 17164  - 29/09/2026, 8:48:12 a. m.     LOG [NestApplication] Nest application successfully started +58ms
Swagger: http://localhost:3000/docs/
[2J[3J[H[[90m11:43:16 a. m.[0m] File change detected. Starting incremental compilation...

[[90m11:43:18 a. m.[0m] Found 0 errors. Watching for file changes.

[2J[3J[H[[90m11:43:19 a. m.[0m] File change detected. Starting incremental compilation...

[[90m11:43:20 a. m.[0m] Found 0 errors. Watching for file changes.

[2J[3J[H[[90m11:43:20 a. m.[0m] File change detected. Starting incremental compilation...

[[90m11:43:20 a. m.[0m] Found 0 errors. Watching for file changes.

[2J[3J[H[[90m11:43:22 a. m.[0m] File change detected. Starting incremental compilation...

[[90m11:43:22 a. m.[0m] Found 0 errors. Watching for file changes.

[2J[3J[H[[90m11:43:27 a. m.[0m] File change detected. Starting incremental compilation...

[[90m11:43:28 a. m.[0m] Found 0 errors. Watching for file changes.

[2J[3J[H[[90m11:43:32 a. m.[0m] File change detected. Starting incremental compilation...

[[90m11:43:32 a. m.[0m] Found 0 errors. Watching for file changes.

[2J[3J[H[[90m11:43:34 a. m.[0m] File change detected. Starting incremental compilation...

[[90m11:43:35 a. m.[0m] Found 0 errors. Watching for file changes.

[2J[3J[H[[90m11:43:36 a. m.[0m] File change detected. Starting incremental compilation...

[[90m11:43:36 a. m.[0m] Found 0 errors. Watching for file changes.

[2J[3J[H[[90m11:43:40 a. m.[0m] File change detected. Starting incremental compilation...

[[90m11:43:40 a. m.[0m] Found 0 errors. Watching for file changes.

[2J[3J[H[[90m11:43:42 a. m.[0m] File change detected. Starting incremental compilation...

[[90m11:43:42 a. m.[0m] Found 0 errors. Watching for file changes.

[2J[3J[H[[90m11:43:42 a. m.[0m] File change detected. Starting incremental compilation...

[[90m11:43:43 a. m.[0m] Found 0 errors. Watching for file changes.

[2J[3J[H[[90m11:43:44 a. m.[0m] File change detected. Starting incremental compilation...

[[90m11:43:45 a. m.[0m] Found 0 errors. Watching for file changes.

[2J[3J[H[[90m11:43:47 a. m.[0m] File change detected. Starting incremental compilation...

[[90m11:43:48 a. m.[0m] Found 0 errors. Watching for file changes.

[2J[3J[H[[90m11:43:54 a. m.[0m] File change detected. Starting incremental compilation...

[[90m11:43:54 a. m.[0m] Found 0 errors. Watching for file changes.

[2J[3J[H[[90m11:44:01 a. m.[0m] File change detected. Starting incremental compilation...

[[90m11:44:01 a. m.[0m] Found 0 errors. Watching for file changes.

[2J[3J[H[[90m11:44:02 a. m.[0m] File change detected. Starting incremental compilation...

[[90m11:44:03 a. m.[0m] Found 0 errors. Watching for file changes.

[2J[3J[H[[90m11:44:07 a. m.[0m] File change detected. Starting incremental compilation...

[[90m11:44:08 a. m.[0m] Found 0 errors. Watching for file changes.

[2J[3J[H[[90m11:44:12 a. m.[0m] File change detected. Starting incremental compilation...

[[90m11:44:13 a. m.[0m] Found 0 errors. Watching for file changes.

[Nest] 19876  - 29/09/2026, 11:44:17 a. m.     LOG [NestFactory] Starting Nest application...
[Nest] 19876  - 29/09/2026, 11:44:17 a. m.     LOG [InstanceLoader] AppModule dependencies initialized +29ms
[Nest] 19876  - 29/09/2026, 11:44:17 a. m.     LOG [InstanceLoader] PrismaModule dependencies initialized +0ms
[Nest] 19876  - 29/09/2026, 11:44:17 a. m.     LOG [InstanceLoader] JwtModule dependencies initialized +166ms
[Nest] 19876  - 29/09/2026, 11:44:17 a. m.     LOG [InstanceLoader] DepartmentsModule dependencies initialized +2ms
[Nest] 19876  - 29/09/2026, 11:44:17 a. m.     LOG [InstanceLoader] PermissionGroupsModule dependencies initialized +0ms
[Nest] 19876  - 29/09/2026, 11:44:17 a. m.     LOG [InstanceLoader] ProvincesModule dependencies initialized +2ms
[Nest] 19876  - 29/09/2026, 11:44:17 a. m.     LOG [InstanceLoader] DistrictsModule dependencies initialized +0ms
[Nest] 19876  - 29/09/2026, 11:44:17 a. m.     LOG [InstanceLoader] PropertiesModule dependencies initialized +0ms
[Nest] 19876  - 29/09/2026, 11:44:17 a. m.     LOG [InstanceLoader] FloorsModule dependencies initialized +0ms
[Nest] 19876  - 29/09/2026, 11:44:17 a. m.     LOG [InstanceLoader] RoomTypesModule dependencies initialized +1ms
[Nest] 19876  - 29/09/2026, 11:44:17 a. m.     LOG [InstanceLoader] RoomsModule dependencies initialized +0ms
[Nest] 19876  - 29/09/2026, 11:44:17 a. m.     LOG [InstanceLoader] RolesModule dependencies initialized +0ms
[Nest] 19876  - 29/09/2026, 11:44:17 a. m.     LOG [InstanceLoader] PermissionsModule dependencies initialized +0ms
[Nest] 19876  - 29/09/2026, 11:44:17 a. m.     LOG [InstanceLoader] EmployeesModule dependencies initialized +0ms
[Nest] 19876  - 29/09/2026, 11:44:17 a. m.     LOG [InstanceLoader] GuestsModule dependencies initialized +0ms
[Nest] 19876  - 29/09/2026, 11:44:17 a. m.     LOG [InstanceLoader] CompaniesModule dependencies initialized +0ms
[Nest] 19876  - 29/09/2026, 11:44:17 a. m.     LOG [InstanceLoader] RatesModule dependencies initialized +0ms
[Nest] 19876  - 29/09/2026, 11:44:17 a. m.     LOG [InstanceLoader] AuthModule dependencies initialized +0ms
[Nest] 19876  - 29/09/2026, 11:44:17 a. m.     LOG [InstanceLoader] ReservationsModule dependencies initialized +0ms
[Nest] 19876  - 29/09/2026, 11:44:18 a. m.     LOG [RoutesResolver] AuthController {/api/v1/auth}: +148ms
[Nest] 19876  - 29/09/2026, 11:44:18 a. m.     LOG [RouterExplorer] Mapped {/api/v1/auth/login, POST} route +3ms
[Nest] 19876  - 29/09/2026, 11:44:18 a. m.     LOG [RouterExplorer] Mapped {/api/v1/auth/google, POST} route +0ms
[Nest] 19876  - 29/09/2026, 11:44:18 a. m.     LOG [RouterExplorer] Mapped {/api/v1/auth/google, GET} route +1ms
[Nest] 19876  - 29/09/2026, 11:44:18 a. m.     LOG [RouterExplorer] Mapped {/api/v1/auth/google/callback, GET} route +0ms
[Nest] 19876  - 29/09/2026, 11:44:18 a. m.     LOG [RouterExplorer] Mapped {/api/v1/auth/me, GET} route +1ms
[Nest] 19876  - 29/09/2026, 11:44:18 a. m.     LOG [RouterExplorer] Mapped {/api/v1/auth/logout, POST} route +0ms
[Nest] 19876  - 29/09/2026, 11:44:18 a. m.     LOG [RouterExplorer] Mapped {/api/v1/auth/google/logout, POST} route +0ms
[Nest] 19876  - 29/09/2026, 11:44:18 a. m.     LOG [RoutesResolver] MaterioLoginController {/api/v1}: +0ms
[Nest] 19876  - 29/09/2026, 11:44:18 a. m.     LOG [RouterExplorer] Mapped {/api/v1/login, POST} route +0ms
[Nest] 19876  - 29/09/2026, 11:44:18 a. m.     LOG [RoutesResolver] DepartmentsController {/api/v1/departments}: +0ms
[Nest] 19876  - 29/09/2026, 11:44:18 a. m.     LOG [RouterExplorer] Mapped {/api/v1/departments, POST} route +1ms
[Nest] 19876  - 29/09/2026, 11:44:18 a. m.     LOG [RouterExplorer] Mapped {/api/v1/departments, GET} route +0ms
[Nest] 19876  - 29/09/2026, 11:44:18 a. m.     LOG [RouterExplorer] Mapped {/api/v1/departments/:uuid, GET} route +0ms
[Nest] 19876  - 29/09/2026, 11:44:18 a. m.     LOG [RouterExplorer] Mapped {/api/v1/departments/:uuid, PATCH} route +1ms
[Nest] 19876  - 29/09/2026, 11:44:18 a. m.     LOG [RouterExplorer] Mapped {/api/v1/departments/:uuid, DELETE} route +0ms
[Nest] 19876  - 29/09/2026, 11:44:18 a. m.     LOG [RoutesResolver] ProvincesController {/api/v1/provinces}: +0ms
[Nest] 19876  - 29/09/2026, 11:44:18 a. m.     LOG [RouterExplorer] Mapped {/api/v1/provinces, POST} route +0ms
[Nest] 19876  - 29/09/2026, 11:44:18 a. m.     LOG [RouterExplorer] Mapped {/api/v1/provinces, GET} route +0ms
[Nest] 19876  - 29/09/2026, 11:44:18 a. m.     LOG [RouterExplorer] Mapped {/api/v1/provinces/by-department/:departmentId, GET} route +0ms
[Nest] 19876  - 29/09/2026, 11:44:18 a. m.     LOG [RouterExplorer] Mapped {/api/v1/provinces/:uuid, GET} route +1ms
[Nest] 19876  - 29/09/2026, 11:44:18 a. m.     LOG [RouterExplorer] Mapped {/api/v1/provinces/:uuid, PATCH} route +0ms
[Nest] 19876  - 29/09/2026, 11:44:18 a. m.     LOG [RouterExplorer] Mapped {/api/v1/provinces/:uuid, DELETE} route +0ms
[Nest] 19876  - 29/09/2026, 11:44:18 a. m.     LOG [RoutesResolver] DistrictsController {/api/v1/districts}: +0ms
[Nest] 19876  - 29/09/2026, 11:44:18 a. m.     LOG [RouterExplorer] Mapped {/api/v1/districts, POST} route +0ms
[Nest] 19876  - 29/09/2026, 11:44:18 a. m.     LOG [RouterExplorer] Mapped {/api/v1/districts, GET} route +0ms
[Nest] 19876  - 29/09/2026, 11:44:18 a. m.     LOG [RouterExplorer] Mapped {/api/v1/districts/by-province/:provinceId, GET} route +0ms
[Nest] 19876  - 29/09/2026, 11:44:18 a. m.     LOG [RouterExplorer] Mapped {/api/v1/districts/:uuid, GET} route +1ms
[Nest] 19876  - 29/09/2026, 11:44:18 a. m.     LOG [RouterExplorer] Mapped {/api/v1/districts/:uuid, PATCH} route +0ms
[Nest] 19876  - 29/09/2026, 11:44:18 a. m.     LOG [RouterExplorer] Mapped {/api/v1/districts/:uuid, DELETE} route +0ms
[Nest] 19876  - 29/09/2026, 11:44:18 a. m.     LOG [RoutesResolver] PropertiesController {/api/v1/properties}: +0ms
[Nest] 19876  - 29/09/2026, 11:44:18 a. m.     LOG [RouterExplorer] Mapped {/api/v1/properties, POST} route +0ms
[Nest] 19876  - 29/09/2026, 11:44:18 a. m.     LOG [RouterExplorer] Mapped {/api/v1/properties, GET} route +0ms
[Nest] 19876  - 29/09/2026, 11:44:18 a. m.     LOG [RouterExplorer] Mapped {/api/v1/properties/:uuid, GET} route +0ms
[Nest] 19876  - 29/09/2026, 11:44:18 a. m.     LOG [RouterExplorer] Mapped {/api/v1/properties/:uuid, PATCH} route +0ms
[Nest] 19876  - 29/09/2026, 11:44:18 a. m.     LOG [RouterExplorer] Mapped {/api/v1/properties/:uuid, DELETE} route +0ms
[Nest] 19876  - 29/09/2026, 11:44:18 a. m.     LOG [RoutesResolver] PropertySettingsController {/api/v1/properties/:propertyId/settings}: +0ms
[Nest] 19876  - 29/09/2026, 11:44:18 a. m.     LOG [RouterExplorer] Mapped {/api/v1/properties/:propertyId/settings, GET} route +0ms
[Nest] 19876  - 29/09/2026, 11:44:18 a. m.     LOG [RouterExplorer] Mapped {/api/v1/properties/:propertyId/settings, PATCH} route +1ms
[Nest] 19876  - 29/09/2026, 11:44:18 a. m.     LOG [RoutesResolver] FloorsController {/api/v1/properties/:propertyId/floors}: +0ms
[Nest] 19876  - 29/09/2026, 11:44:18 a. m.     LOG [RouterExplorer] Mapped {/api/v1/properties/:propertyId/floors, POST} route +0ms
[Nest] 19876  - 29/09/2026, 11:44:18 a. m.     LOG [RouterExplorer] Mapped {/api/v1/properties/:propertyId/floors, GET} route +0ms
[Nest] 19876  - 29/09/2026, 11:44:18 a. m.     LOG [RouterExplorer] Mapped {/api/v1/properties/:propertyId/floors/:uuid, GET} route +0ms
[Nest] 19876  - 29/09/2026, 11:44:18 a. m.     LOG [RouterExplorer] Mapped {/api/v1/properties/:propertyId/floors/:uuid, PATCH} route +0ms
[Nest] 19876  - 29/09/2026, 11:44:18 a. m.     LOG [RouterExplorer] Mapped {/api/v1/properties/:propertyId/floors/:uuid, DELETE} route +0ms
[Nest] 19876  - 29/09/2026, 11:44:18 a. m.     LOG [RoutesResolver] RoomTypesController {/api/v1/properties/:propertyId/room-types}: +0ms
[Nest] 19876  - 29/09/2026, 11:44:18 a. m.     LOG [RouterExplorer] Mapped {/api/v1/properties/:propertyId/room-types, POST} route +0ms
[Nest] 19876  - 29/09/2026, 11:44:18 a. m.     LOG [RouterExplorer] Mapped {/api/v1/properties/:propertyId/room-types, GET} route +1ms
[Nest] 19876  - 29/09/2026, 11:44:18 a. m.     LOG [RouterExplorer] Mapped {/api/v1/properties/:propertyId/room-types/:uuid, GET} route +0ms
[Nest] 19876  - 29/09/2026, 11:44:18 a. m.     LOG [RouterExplorer] Mapped {/api/v1/properties/:propertyId/room-types/:uuid, PATCH} route +0ms
[Nest] 19876  - 29/09/2026, 11:44:18 a. m.     LOG [RouterExplorer] Mapped {/api/v1/properties/:propertyId/room-types/:uuid, DELETE} route +0ms
[Nest] 19876  - 29/09/2026, 11:44:18 a. m.     LOG [RoutesResolver] RoomsController {/api/v1/properties/:propertyId/rooms}: +0ms
[Nest] 19876  - 29/09/2026, 11:44:18 a. m.     LOG [RouterExplorer] Mapped {/api/v1/properties/:propertyId/rooms, POST} route +0ms
[Nest] 19876  - 29/09/2026, 11:44:18 a. m.     LOG [RouterExplorer] Mapped {/api/v1/properties/:propertyId/rooms, GET} route +0ms
[Nest] 19876  - 29/09/2026, 11:44:18 a. m.     LOG [RouterExplorer] Mapped {/api/v1/properties/:propertyId/rooms/:uuid, GET} route +0ms
[Nest] 19876  - 29/09/2026, 11:44:18 a. m.     LOG [RouterExplorer] Mapped {/api/v1/properties/:propertyId/rooms/:uuid, PATCH} route +1ms
[Nest] 19876  - 29/09/2026, 11:44:18 a. m.     LOG [RouterExplorer] Mapped {/api/v1/properties/:propertyId/rooms/:uuid, DELETE} route +0ms
[Nest] 19876  - 29/09/2026, 11:44:18 a. m.     LOG [RoutesResolver] RolesController {/api/v1/properties/:propertyId/roles}: +0ms
[Nest] 19876  - 29/09/2026, 11:44:18 a. m.     LOG [RouterExplorer] Mapped {/api/v1/properties/:propertyId/roles, POST} route +0ms
[Nest] 19876  - 29/09/2026, 11:44:18 a. m.     LOG [RouterExplorer] Mapped {/api/v1/properties/:propertyId/roles, GET} route +0ms
[Nest] 19876  - 29/09/2026, 11:44:18 a. m.     LOG [RouterExplorer] Mapped {/api/v1/properties/:propertyId/roles/:uuid, GET} route +0ms
[Nest] 19876  - 29/09/2026, 11:44:18 a. m.     LOG [RouterExplorer] Mapped {/api/v1/properties/:propertyId/roles/:uuid/permissions, GET} route +0ms
[Nest] 19876  - 29/09/2026, 11:44:18 a. m.     LOG [RouterExplorer] Mapped {/api/v1/properties/:propertyId/roles/:uuid, PATCH} route +0ms
[Nest] 19876  - 29/09/2026, 11:44:18 a. m.     LOG [RouterExplorer] Mapped {/api/v1/properties/:propertyId/roles/:uuid, DELETE} route +0ms
[Nest] 19876  - 29/09/2026, 11:44:18 a. m.     LOG [RoutesResolver] PermissionGroupsController {/api/v1/permission-groups}: +0ms
[Nest] 19876  - 29/09/2026, 11:44:18 a. m.     LOG [RouterExplorer] Mapped {/api/v1/permission-groups, POST} route +1ms
[Nest] 19876  - 29/09/2026, 11:44:18 a. m.     LOG [RouterExplorer] Mapped {/api/v1/permission-groups, GET} route +0ms
[Nest] 19876  - 29/09/2026, 11:44:18 a. m.     LOG [RouterExplorer] Mapped {/api/v1/permission-groups/:uuid, GET} route +0ms
[Nest] 19876  - 29/09/2026, 11:44:18 a. m.     LOG [RouterExplorer] Mapped {/api/v1/permission-groups/:uuid, PATCH} route +0ms
[Nest] 19876  - 29/09/2026, 11:44:18 a. m.     LOG [RouterExplorer] Mapped {/api/v1/permission-groups/:uuid, DELETE} route +0ms
[Nest] 19876  - 29/09/2026, 11:44:18 a. m.     LOG [RoutesResolver] PermissionsController {/api/v1/permissions}: +0ms
[Nest] 19876  - 29/09/2026, 11:44:18 a. m.     LOG [RouterExplorer] Mapped {/api/v1/permissions, POST} route +0ms
[Nest] 19876  - 29/09/2026, 11:44:18 a. m.     LOG [RouterExplorer] Mapped {/api/v1/permissions, GET} route +0ms
[Nest] 19876  - 29/09/2026, 11:44:18 a. m.     LOG [RouterExplorer] Mapped {/api/v1/permissions/by-group/:permissionGroupId, GET} route +1ms
[Nest] 19876  - 29/09/2026, 11:44:18 a. m.     LOG [RouterExplorer] Mapped {/api/v1/permissions/:uuid, GET} route +0ms
[Nest] 19876  - 29/09/2026, 11:44:18 a. m.     LOG [RouterExplorer] Mapped {/api/v1/permissions/:uuid, PATCH} route +0ms
[Nest] 19876  - 29/09/2026, 11:44:18 a. m.     LOG [RouterExplorer] Mapped {/api/v1/permissions/:uuid, DELETE} route +0ms
[Nest] 19876  - 29/09/2026, 11:44:18 a. m.     LOG [RoutesResolver] EmployeesController {/api/v1/properties/:propertyId/employees}: +0ms
[Nest] 19876  - 29/09/2026, 11:44:18 a. m.     LOG [RouterExplorer] Mapped {/api/v1/properties/:propertyId/employees, POST} route +1ms
[Nest] 19876  - 29/09/2026, 11:44:18 a. m.     LOG [RouterExplorer] Mapped {/api/v1/properties/:propertyId/employees, GET} route +0ms
[Nest] 19876  - 29/09/2026, 11:44:18 a. m.     LOG [RouterExplorer] Mapped {/api/v1/properties/:propertyId/employees/:uuid, GET} route +0ms
[Nest] 19876  - 29/09/2026, 11:44:18 a. m.     LOG [RouterExplorer] Mapped {/api/v1/properties/:propertyId/employees/:uuid, PATCH} route +0ms
[Nest] 19876  - 29/09/2026, 11:44:18 a. m.     LOG [RouterExplorer] Mapped {/api/v1/properties/:propertyId/employees/:uuid, DELETE} route +0ms
[Nest] 19876  - 29/09/2026, 11:44:18 a. m.     LOG [RoutesResolver] GuestsController {/api/v1/properties/:propertyId/guests}: +0ms
[Nest] 19876  - 29/09/2026, 11:44:18 a. m.     LOG [RouterExplorer] Mapped {/api/v1/properties/:propertyId/guests, POST} route +1ms
[Nest] 19876  - 29/09/2026, 11:44:18 a. m.     LOG [RouterExplorer] Mapped {/api/v1/properties/:propertyId/guests, GET} route +0ms
[Nest] 19876  - 29/09/2026, 11:44:18 a. m.     LOG [RouterExplorer] Mapped {/api/v1/properties/:propertyId/guests/:uuid, GET} route +0ms
[Nest] 19876  - 29/09/2026, 11:44:18 a. m.     LOG [RouterExplorer] Mapped {/api/v1/properties/:propertyId/guests/:uuid, PATCH} route +0ms
[Nest] 19876  - 29/09/2026, 11:44:18 a. m.     LOG [RouterExplorer] Mapped {/api/v1/properties/:propertyId/guests/:uuid, DELETE} route +0ms
[Nest] 19876  - 29/09/2026, 11:44:18 a. m.     LOG [RoutesResolver] CompaniesController {/api/v1/properties/:propertyId/companies}: +0ms
[Nest] 19876  - 29/09/2026, 11:44:18 a. m.     LOG [RouterExplorer] Mapped {/api/v1/properties/:propertyId/companies, POST} route +1ms
[Nest] 19876  - 29/09/2026, 11:44:18 a. m.     LOG [RouterExplorer] Mapped {/api/v1/properties/:propertyId/companies, GET} route +0ms
[Nest] 19876  - 29/09/2026, 11:44:18 a. m.     LOG [RouterExplorer] Mapped {/api/v1/properties/:propertyId/companies/:uuid, GET} route +0ms
[Nest] 19876  - 29/09/2026, 11:44:18 a. m.     LOG [RouterExplorer] Mapped {/api/v1/properties/:propertyId/companies/:uuid, PATCH} route +0ms
[Nest] 19876  - 29/09/2026, 11:44:18 a. m.     LOG [RouterExplorer] Mapped {/api/v1/properties/:propertyId/companies/:uuid, DELETE} route +0ms
[Nest] 19876  - 29/09/2026, 11:44:18 a. m.     LOG [RoutesResolver] RatesController {/api/v1/properties/:propertyId/rates}: +0ms
[Nest] 19876  - 29/09/2026, 11:44:18 a. m.     LOG [RouterExplorer] Mapped {/api/v1/properties/:propertyId/rates, POST} route +1ms
[Nest] 19876  - 29/09/2026, 11:44:18 a. m.     LOG [RouterExplorer] Mapped {/api/v1/properties/:propertyId/rates, GET} route +0ms
[Nest] 19876  - 29/09/2026, 11:44:18 a. m.     LOG [RouterExplorer] Mapped {/api/v1/properties/:propertyId/rates/:uuid, GET} route +0ms
[Nest] 19876  - 29/09/2026, 11:44:18 a. m.     LOG [RouterExplorer] Mapped {/api/v1/properties/:propertyId/rates/:uuid, PATCH} route +0ms
[Nest] 19876  - 29/09/2026, 11:44:18 a. m.     LOG [RouterExplorer] Mapped {/api/v1/properties/:propertyId/rates/:uuid, DELETE} route +1ms
[Nest] 19876  - 29/09/2026, 11:44:18 a. m.     LOG [RoutesResolver] ReservationsController {/api/v1/properties/:propertyId/reservations}: +0ms
[Nest] 19876  - 29/09/2026, 11:44:18 a. m.     LOG [RouterExplorer] Mapped {/api/v1/properties/:propertyId/reservations, POST} route +0ms
[Nest] 19876  - 29/09/2026, 11:44:18 a. m.     LOG [RouterExplorer] Mapped {/api/v1/properties/:propertyId/reservations, GET} route +5ms
[Nest] 19876  - 29/09/2026, 11:44:18 a. m.     LOG [RouterExplorer] Mapped {/api/v1/properties/:propertyId/reservations/:uuid, GET} route +1ms
[Nest] 19876  - 29/09/2026, 11:44:18 a. m.     LOG [RouterExplorer] Mapped {/api/v1/properties/:propertyId/reservations/:uuid, PATCH} route +0ms
[Nest] 19876  - 29/09/2026, 11:44:18 a. m.     LOG [RouterExplorer] Mapped {/api/v1/properties/:propertyId/reservations/:uuid/cancel, POST} route +0ms
[Nest] 19876  - 29/09/2026, 11:44:18 a. m.     LOG [RoutesResolver] ReservationRoomsController {/api/v1/properties/:propertyId/reservations/:reservationUuid/rooms}: +0ms
[Nest] 19876  - 29/09/2026, 11:44:18 a. m.     LOG [RouterExplorer] Mapped {/api/v1/properties/:propertyId/reservations/:reservationUuid/rooms, GET} route +1ms
[Nest] 19876  - 29/09/2026, 11:44:18 a. m.     LOG [RouterExplorer] Mapped {/api/v1/properties/:propertyId/reservations/:reservationUuid/rooms/:uuid, GET} route +0ms
[Nest] 19876  - 29/09/2026, 11:44:18 a. m.     LOG [RouterExplorer] Mapped {/api/v1/properties/:propertyId/reservations/:reservationUuid/rooms, POST} route +0ms
[Nest] 19876  - 29/09/2026, 11:44:18 a. m.     LOG [RouterExplorer] Mapped {/api/v1/properties/:propertyId/reservations/:reservationUuid/rooms/:uuid, PATCH} route +0ms
[Nest] 19876  - 29/09/2026, 11:44:18 a. m.     LOG [RouterExplorer] Mapped {/api/v1/properties/:propertyId/reservations/:reservationUuid/rooms/:uuid, DELETE} route +0ms
[Nest] 19876  - 29/09/2026, 11:44:18 a. m.     LOG [RouterExplorer] Mapped {/api/v1/properties/:propertyId/reservations/:reservationUuid/rooms/:uuid/check-in, POST} route +0ms
[Nest] 19876  - 29/09/2026, 11:44:18 a. m.     LOG [RouterExplorer] Mapped {/api/v1/properties/:propertyId/reservations/:reservationUuid/rooms/:uuid/check-out, POST} route +0ms
[Nest] 19876  - 29/09/2026, 11:44:18 a. m.     LOG [RoutesResolver] ReservationGuestsController {/api/v1/properties/:propertyId/reservation-rooms/:reservationRoomUuid/guests}: +0ms
[Nest] 19876  - 29/09/2026, 11:44:18 a. m.     LOG [RouterExplorer] Mapped {/api/v1/properties/:propertyId/reservation-rooms/:reservationRoomUuid/guests, GET} route +1ms
[Nest] 19876  - 29/09/2026, 11:44:18 a. m.     LOG [RouterExplorer] Mapped {/api/v1/properties/:propertyId/reservation-rooms/:reservationRoomUuid/guests, POST} route +0ms
[Nest] 19876  - 29/09/2026, 11:44:18 a. m.     LOG [RouterExplorer] Mapped {/api/v1/properties/:propertyId/reservation-rooms/:reservationRoomUuid/guests/:id, PATCH} route +0ms
[Nest] 19876  - 29/09/2026, 11:44:18 a. m.     LOG [RouterExplorer] Mapped {/api/v1/properties/:propertyId/reservation-rooms/:reservationRoomUuid/guests/:id, DELETE} route +0ms
[Nest] 19876  - 29/09/2026, 11:44:18 a. m.     LOG [RoutesResolver] PaymentsController {/api/v1/properties/:propertyId}: +0ms
[Nest] 19876  - 29/09/2026, 11:44:18 a. m.     LOG [RouterExplorer] Mapped {/api/v1/properties/:propertyId/payments, GET} route +0ms
[Nest] 19876  - 29/09/2026, 11:44:18 a. m.     LOG [RouterExplorer] Mapped {/api/v1/properties/:propertyId/payments/:uuid, GET} route +0ms
[Nest] 19876  - 29/09/2026, 11:44:18 a. m.     LOG [RouterExplorer] Mapped {/api/v1/properties/:propertyId/reservations/:reservationUuid/payments, GET} route +0ms
[Nest] 19876  - 29/09/2026, 11:44:18 a. m.     LOG [RouterExplorer] Mapped {/api/v1/properties/:propertyId/reservations/:reservationUuid/payments, POST} route +1ms
[Nest] 19876  - 29/09/2026, 11:44:18 a. m.     LOG [RoutesResolver] AvailabilityController {/api/v1/properties/:propertyId/availability}: +0ms
[Nest] 19876  - 29/09/2026, 11:44:18 a. m.     LOG [RouterExplorer] Mapped {/api/v1/properties/:propertyId/availability, GET} route +0ms
[Nest] 19876  - 29/09/2026, 11:44:18 a. m.     LOG [RoutesResolver] FrontDeskController {/api/v1/properties/:propertyId/front-desk}: +0ms
[Nest] 19876  - 29/09/2026, 11:44:18 a. m.     LOG [RouterExplorer] Mapped {/api/v1/properties/:propertyId/front-desk, GET} route +0ms
[Nest] 19876  - 29/09/2026, 11:44:18 a. m.     LOG [RouterExplorer] Mapped {/api/v1/properties/:propertyId/front-desk/walk-in, POST} route +0ms
[Nest] 19876  - 29/09/2026, 11:44:18 a. m.     LOG [RoutesResolver] PlanningController {/api/v1/properties/:propertyId/planning}: +0ms
[Nest] 19876  - 29/09/2026, 11:44:18 a. m.     LOG [RouterExplorer] Mapped {/api/v1/properties/:propertyId/planning, GET} route +0ms
[Nest] 19876  - 29/09/2026, 11:44:18 a. m.     LOG [NestApplication] Nest application successfully started +50ms
Swagger: http://localhost:3000/docs/
[2J[3J[H[[90m12:01:13 p. m.[0m] File change detected. Starting incremental compilation...

[[90m12:01:14 p. m.[0m] Found 0 errors. Watching for file changes.

[Nest] 15720  - 29/09/2026, 12:01:16 p. m.     LOG [NestFactory] Starting Nest application...
[Nest] 15720  - 29/09/2026, 12:01:16 p. m.     LOG [InstanceLoader] AppModule dependencies initialized +16ms
[Nest] 15720  - 29/09/2026, 12:01:16 p. m.     LOG [InstanceLoader] PrismaModule dependencies initialized +1ms
[Nest] 15720  - 29/09/2026, 12:01:16 p. m.     LOG [InstanceLoader] JwtModule dependencies initialized +7ms
[Nest] 15720  - 29/09/2026, 12:01:16 p. m.     LOG [InstanceLoader] DepartmentsModule dependencies initialized +1ms
[Nest] 15720  - 29/09/2026, 12:01:16 p. m.     LOG [InstanceLoader] PermissionGroupsModule dependencies initialized +0ms
[Nest] 15720  - 29/09/2026, 12:01:16 p. m.     LOG [InstanceLoader] ProvincesModule dependencies initialized +0ms
[Nest] 15720  - 29/09/2026, 12:01:16 p. m.     LOG [InstanceLoader] DistrictsModule dependencies initialized +1ms
[Nest] 15720  - 29/09/2026, 12:01:16 p. m.     LOG [InstanceLoader] PropertiesModule dependencies initialized +0ms
[Nest] 15720  - 29/09/2026, 12:01:16 p. m.     LOG [InstanceLoader] FloorsModule dependencies initialized +0ms
[Nest] 15720  - 29/09/2026, 12:01:16 p. m.     LOG [InstanceLoader] RoomTypesModule dependencies initialized +0ms
[Nest] 15720  - 29/09/2026, 12:01:16 p. m.     LOG [InstanceLoader] RoomsModule dependencies initialized +0ms
[Nest] 15720  - 29/09/2026, 12:01:16 p. m.     LOG [InstanceLoader] RolesModule dependencies initialized +0ms
[Nest] 15720  - 29/09/2026, 12:01:16 p. m.     LOG [InstanceLoader] PermissionsModule dependencies initialized +0ms
[Nest] 15720  - 29/09/2026, 12:01:16 p. m.     LOG [InstanceLoader] EmployeesModule dependencies initialized +0ms
[Nest] 15720  - 29/09/2026, 12:01:16 p. m.     LOG [InstanceLoader] GuestsModule dependencies initialized +0ms
[Nest] 15720  - 29/09/2026, 12:01:16 p. m.     LOG [InstanceLoader] CompaniesModule dependencies initialized +0ms
[Nest] 15720  - 29/09/2026, 12:01:16 p. m.     LOG [InstanceLoader] RatesModule dependencies initialized +0ms
[Nest] 15720  - 29/09/2026, 12:01:16 p. m.     LOG [InstanceLoader] AuthModule dependencies initialized +0ms
[Nest] 15720  - 29/09/2026, 12:01:16 p. m.     LOG [InstanceLoader] ReservationsModule dependencies initialized +0ms
[Nest] 15720  - 29/09/2026, 12:01:16 p. m.     LOG [RoutesResolver] AuthController {/api/v1/auth}: +93ms
[Nest] 15720  - 29/09/2026, 12:01:16 p. m.     LOG [RouterExplorer] Mapped {/api/v1/auth/login, POST} route +2ms
[Nest] 15720  - 29/09/2026, 12:01:16 p. m.     LOG [RouterExplorer] Mapped {/api/v1/auth/google, POST} route +1ms
[Nest] 15720  - 29/09/2026, 12:01:16 p. m.     LOG [RouterExplorer] Mapped {/api/v1/auth/google, GET} route +0ms
[Nest] 15720  - 29/09/2026, 12:01:16 p. m.     LOG [RouterExplorer] Mapped {/api/v1/auth/google/callback, GET} route +0ms
[Nest] 15720  - 29/09/2026, 12:01:16 p. m.     LOG [RouterExplorer] Mapped {/api/v1/auth/me, GET} route +0ms
[Nest] 15720  - 29/09/2026, 12:01:16 p. m.     LOG [RouterExplorer] Mapped {/api/v1/auth/logout, POST} route +0ms
[Nest] 15720  - 29/09/2026, 12:01:16 p. m.     LOG [RouterExplorer] Mapped {/api/v1/auth/google/logout, POST} route +0ms
[Nest] 15720  - 29/09/2026, 12:01:16 p. m.     LOG [RoutesResolver] MaterioLoginController {/api/v1}: +1ms
[Nest] 15720  - 29/09/2026, 12:01:16 p. m.     LOG [RouterExplorer] Mapped {/api/v1/login, POST} route +0ms
[Nest] 15720  - 29/09/2026, 12:01:16 p. m.     LOG [RoutesResolver] DepartmentsController {/api/v1/departments}: +0ms
[Nest] 15720  - 29/09/2026, 12:01:16 p. m.     LOG [RouterExplorer] Mapped {/api/v1/departments, POST} route +0ms
[Nest] 15720  - 29/09/2026, 12:01:16 p. m.     LOG [RouterExplorer] Mapped {/api/v1/departments, GET} route +0ms
[Nest] 15720  - 29/09/2026, 12:01:16 p. m.     LOG [RouterExplorer] Mapped {/api/v1/departments/:uuid, GET} route +0ms
[Nest] 15720  - 29/09/2026, 12:01:16 p. m.     LOG [RouterExplorer] Mapped {/api/v1/departments/:uuid, PATCH} route +1ms
[Nest] 15720  - 29/09/2026, 12:01:16 p. m.     LOG [RouterExplorer] Mapped {/api/v1/departments/:uuid, DELETE} route +0ms
[Nest] 15720  - 29/09/2026, 12:01:16 p. m.     LOG [RoutesResolver] ProvincesController {/api/v1/provinces}: +0ms
[Nest] 15720  - 29/09/2026, 12:01:16 p. m.     LOG [RouterExplorer] Mapped {/api/v1/provinces, POST} route +0ms
[Nest] 15720  - 29/09/2026, 12:01:16 p. m.     LOG [RouterExplorer] Mapped {/api/v1/provinces, GET} route +0ms
[Nest] 15720  - 29/09/2026, 12:01:16 p. m.     LOG [RouterExplorer] Mapped {/api/v1/provinces/by-department/:departmentId, GET} route +0ms
[Nest] 15720  - 29/09/2026, 12:01:16 p. m.     LOG [RouterExplorer] Mapped {/api/v1/provinces/:uuid, GET} route +0ms
[Nest] 15720  - 29/09/2026, 12:01:16 p. m.     LOG [RouterExplorer] Mapped {/api/v1/provinces/:uuid, PATCH} route +0ms
[Nest] 15720  - 29/09/2026, 12:01:16 p. m.     LOG [RouterExplorer] Mapped {/api/v1/provinces/:uuid, DELETE} route +1ms
[Nest] 15720  - 29/09/2026, 12:01:16 p. m.     LOG [RoutesResolver] DistrictsController {/api/v1/districts}: +0ms
[Nest] 15720  - 29/09/2026, 12:01:16 p. m.     LOG [RouterExplorer] Mapped {/api/v1/districts, POST} route +0ms
[Nest] 15720  - 29/09/2026, 12:01:16 p. m.     LOG [RouterExplorer] Mapped {/api/v1/districts, GET} route +0ms
[Nest] 15720  - 29/09/2026, 12:01:16 p. m.     LOG [RouterExplorer] Mapped {/api/v1/districts/by-province/:provinceId, GET} route +0ms
[Nest] 15720  - 29/09/2026, 12:01:16 p. m.     LOG [RouterExplorer] Mapped {/api/v1/districts/:uuid, GET} route +0ms
[Nest] 15720  - 29/09/2026, 12:01:16 p. m.     LOG [RouterExplorer] Mapped {/api/v1/districts/:uuid, PATCH} route +0ms
[Nest] 15720  - 29/09/2026, 12:01:16 p. m.     LOG [RouterExplorer] Mapped {/api/v1/districts/:uuid, DELETE} route +0ms
[Nest] 15720  - 29/09/2026, 12:01:16 p. m.     LOG [RoutesResolver] PropertiesController {/api/v1/properties}: +0ms
[Nest] 15720  - 29/09/2026, 12:01:16 p. m.     LOG [RouterExplorer] Mapped {/api/v1/properties, POST} route +0ms
[Nest] 15720  - 29/09/2026, 12:01:16 p. m.     LOG [RouterExplorer] Mapped {/api/v1/properties, GET} route +0ms
[Nest] 15720  - 29/09/2026, 12:01:16 p. m.     LOG [RouterExplorer] Mapped {/api/v1/properties/:uuid, GET} route +0ms
[Nest] 15720  - 29/09/2026, 12:01:16 p. m.     LOG [RouterExplorer] Mapped {/api/v1/properties/:uuid, PATCH} route +0ms
[Nest] 15720  - 29/09/2026, 12:01:16 p. m.     LOG [RouterExplorer] Mapped {/api/v1/properties/:uuid, DELETE} route +1ms
[Nest] 15720  - 29/09/2026, 12:01:16 p. m.     LOG [RoutesResolver] PropertySettingsController {/api/v1/properties/:propertyId/settings}: +0ms
[Nest] 15720  - 29/09/2026, 12:01:16 p. m.     LOG [RouterExplorer] Mapped {/api/v1/properties/:propertyId/settings, GET} route +0ms
[Nest] 15720  - 29/09/2026, 12:01:16 p. m.     LOG [RouterExplorer] Mapped {/api/v1/properties/:propertyId/settings, PATCH} route +0ms
[Nest] 15720  - 29/09/2026, 12:01:16 p. m.     LOG [RoutesResolver] FloorsController {/api/v1/properties/:propertyId/floors}: +0ms
[Nest] 15720  - 29/09/2026, 12:01:16 p. m.     LOG [RouterExplorer] Mapped {/api/v1/properties/:propertyId/floors, POST} route +0ms
[Nest] 15720  - 29/09/2026, 12:01:16 p. m.     LOG [RouterExplorer] Mapped {/api/v1/properties/:propertyId/floors, GET} route +0ms
[Nest] 15720  - 29/09/2026, 12:01:16 p. m.     LOG [RouterExplorer] Mapped {/api/v1/properties/:propertyId/floors/:uuid, GET} route +0ms
[Nest] 15720  - 29/09/2026, 12:01:16 p. m.     LOG [RouterExplorer] Mapped {/api/v1/properties/:propertyId/floors/:uuid, PATCH} route +0ms
[Nest] 15720  - 29/09/2026, 12:01:16 p. m.     LOG [RouterExplorer] Mapped {/api/v1/properties/:propertyId/floors/:uuid, DELETE} route +0ms
[Nest] 15720  - 29/09/2026, 12:01:16 p. m.     LOG [RoutesResolver] RoomTypesController {/api/v1/properties/:propertyId/room-types}: +0ms
[Nest] 15720  - 29/09/2026, 12:01:16 p. m.     LOG [RouterExplorer] Mapped {/api/v1/properties/:propertyId/room-types, POST} route +1ms
[Nest] 15720  - 29/09/2026, 12:01:16 p. m.     LOG [RouterExplorer] Mapped {/api/v1/properties/:propertyId/room-types, GET} route +0ms
[Nest] 15720  - 29/09/2026, 12:01:16 p. m.     LOG [RouterExplorer] Mapped {/api/v1/properties/:propertyId/room-types/:uuid, GET} route +0ms
[Nest] 15720  - 29/09/2026, 12:01:16 p. m.     LOG [RouterExplorer] Mapped {/api/v1/properties/:propertyId/room-types/:uuid, PATCH} route +0ms
[Nest] 15720  - 29/09/2026, 12:01:16 p. m.     LOG [RouterExplorer] Mapped {/api/v1/properties/:propertyId/room-types/:uuid, DELETE} route +0ms
[Nest] 15720  - 29/09/2026, 12:01:16 p. m.     LOG [RoutesResolver] RoomsController {/api/v1/properties/:propertyId/rooms}: +0ms
[Nest] 15720  - 29/09/2026, 12:01:16 p. m.     LOG [RouterExplorer] Mapped {/api/v1/properties/:propertyId/rooms, POST} route +0ms
[Nest] 15720  - 29/09/2026, 12:01:16 p. m.     LOG [RouterExplorer] Mapped {/api/v1/properties/:propertyId/rooms, GET} route +0ms
[Nest] 15720  - 29/09/2026, 12:01:16 p. m.     LOG [RouterExplorer] Mapped {/api/v1/properties/:propertyId/rooms/:uuid, GET} route +0ms
[Nest] 15720  - 29/09/2026, 12:01:16 p. m.     LOG [RouterExplorer] Mapped {/api/v1/properties/:propertyId/rooms/:uuid, PATCH} route +1ms
[Nest] 15720  - 29/09/2026, 12:01:16 p. m.     LOG [RouterExplorer] Mapped {/api/v1/properties/:propertyId/rooms/:uuid, DELETE} route +0ms
[Nest] 15720  - 29/09/2026, 12:01:16 p. m.     LOG [RoutesResolver] RolesController {/api/v1/properties/:propertyId/roles}: +0ms
[Nest] 15720  - 29/09/2026, 12:01:16 p. m.     LOG [RouterExplorer] Mapped {/api/v1/properties/:propertyId/roles, POST} route +0ms
[Nest] 15720  - 29/09/2026, 12:01:16 p. m.     LOG [RouterExplorer] Mapped {/api/v1/properties/:propertyId/roles, GET} route +0ms
[Nest] 15720  - 29/09/2026, 12:01:16 p. m.     LOG [RouterExplorer] Mapped {/api/v1/properties/:propertyId/roles/:uuid, GET} route +0ms
[Nest] 15720  - 29/09/2026, 12:01:16 p. m.     LOG [RouterExplorer] Mapped {/api/v1/properties/:propertyId/roles/:uuid/permissions, GET} route +0ms
[Nest] 15720  - 29/09/2026, 12:01:16 p. m.     LOG [RouterExplorer] Mapped {/api/v1/properties/:propertyId/roles/:uuid, PATCH} route +0ms
[Nest] 15720  - 29/09/2026, 12:01:16 p. m.     LOG [RouterExplorer] Mapped {/api/v1/properties/:propertyId/roles/:uuid, DELETE} route +0ms
[Nest] 15720  - 29/09/2026, 12:01:16 p. m.     LOG [RoutesResolver] PermissionGroupsController {/api/v1/permission-groups}: +0ms
[Nest] 15720  - 29/09/2026, 12:01:16 p. m.     LOG [RouterExplorer] Mapped {/api/v1/permission-groups, POST} route +0ms
[Nest] 15720  - 29/09/2026, 12:01:16 p. m.     LOG [RouterExplorer] Mapped {/api/v1/permission-groups, GET} route +0ms
[Nest] 15720  - 29/09/2026, 12:01:16 p. m.     LOG [RouterExplorer] Mapped {/api/v1/permission-groups/:uuid, GET} route +0ms
[Nest] 15720  - 29/09/2026, 12:01:16 p. m.     LOG [RouterExplorer] Mapped {/api/v1/permission-groups/:uuid, PATCH} route +0ms
[Nest] 15720  - 29/09/2026, 12:01:16 p. m.     LOG [RouterExplorer] Mapped {/api/v1/permission-groups/:uuid, DELETE} route +1ms
[Nest] 15720  - 29/09/2026, 12:01:16 p. m.     LOG [RoutesResolver] PermissionsController {/api/v1/permissions}: +0ms
[Nest] 15720  - 29/09/2026, 12:01:16 p. m.     LOG [RouterExplorer] Mapped {/api/v1/permissions, POST} route +0ms
[Nest] 15720  - 29/09/2026, 12:01:16 p. m.     LOG [RouterExplorer] Mapped {/api/v1/permissions, GET} route +0ms
[Nest] 15720  - 29/09/2026, 12:01:16 p. m.     LOG [RouterExplorer] Mapped {/api/v1/permissions/by-group/:permissionGroupId, GET} route +0ms
[Nest] 15720  - 29/09/2026, 12:01:16 p. m.     LOG [RouterExplorer] Mapped {/api/v1/permissions/:uuid, GET} route +0ms
[Nest] 15720  - 29/09/2026, 12:01:16 p. m.     LOG [RouterExplorer] Mapped {/api/v1/permissions/:uuid, PATCH} route +0ms
[Nest] 15720  - 29/09/2026, 12:01:16 p. m.     LOG [RouterExplorer] Mapped {/api/v1/permissions/:uuid, DELETE} route +0ms
[Nest] 15720  - 29/09/2026, 12:01:16 p. m.     LOG [RoutesResolver] EmployeesController {/api/v1/properties/:propertyId/employees}: +0ms
[Nest] 15720  - 29/09/2026, 12:01:16 p. m.     LOG [RouterExplorer] Mapped {/api/v1/properties/:propertyId/employees, POST} route +0ms
[Nest] 15720  - 29/09/2026, 12:01:16 p. m.     LOG [RouterExplorer] Mapped {/api/v1/properties/:propertyId/employees, GET} route +0ms
[Nest] 15720  - 29/09/2026, 12:01:16 p. m.     LOG [RouterExplorer] Mapped {/api/v1/properties/:propertyId/employees/:uuid, GET} route +1ms
[Nest] 15720  - 29/09/2026, 12:01:16 p. m.     LOG [RouterExplorer] Mapped {/api/v1/properties/:propertyId/employees/:uuid, PATCH} route +0ms
[Nest] 15720  - 29/09/2026, 12:01:16 p. m.     LOG [RouterExplorer] Mapped {/api/v1/properties/:propertyId/employees/:uuid, DELETE} route +0ms
[Nest] 15720  - 29/09/2026, 12:01:16 p. m.     LOG [RoutesResolver] GuestsController {/api/v1/properties/:propertyId/guests}: +0ms
[Nest] 15720  - 29/09/2026, 12:01:16 p. m.     LOG [RouterExplorer] Mapped {/api/v1/properties/:propertyId/guests, POST} route +0ms
[Nest] 15720  - 29/09/2026, 12:01:16 p. m.     LOG [RouterExplorer] Mapped {/api/v1/properties/:propertyId/guests, GET} route +1ms
[Nest] 15720  - 29/09/2026, 12:01:16 p. m.     LOG [RouterExplorer] Mapped {/api/v1/properties/:propertyId/guests/:uuid, GET} route +0ms
[Nest] 15720  - 29/09/2026, 12:01:16 p. m.     LOG [RouterExplorer] Mapped {/api/v1/properties/:propertyId/guests/:uuid, PATCH} route +0ms
[Nest] 15720  - 29/09/2026, 12:01:16 p. m.     LOG [RouterExplorer] Mapped {/api/v1/properties/:propertyId/guests/:uuid, DELETE} route +0ms
[Nest] 15720  - 29/09/2026, 12:01:16 p. m.     LOG [RoutesResolver] CompaniesController {/api/v1/properties/:propertyId/companies}: +0ms
[Nest] 15720  - 29/09/2026, 12:01:16 p. m.     LOG [RouterExplorer] Mapped {/api/v1/properties/:propertyId/companies, POST} route +0ms
[Nest] 15720  - 29/09/2026, 12:01:16 p. m.     LOG [RouterExplorer] Mapped {/api/v1/properties/:propertyId/companies, GET} route +0ms
[Nest] 15720  - 29/09/2026, 12:01:16 p. m.     LOG [RouterExplorer] Mapped {/api/v1/properties/:propertyId/companies/:uuid, GET} route +1ms
[Nest] 15720  - 29/09/2026, 12:01:16 p. m.     LOG [RouterExplorer] Mapped {/api/v1/properties/:propertyId/companies/:uuid, PATCH} route +0ms
[Nest] 15720  - 29/09/2026, 12:01:16 p. m.     LOG [RouterExplorer] Mapped {/api/v1/properties/:propertyId/companies/:uuid, DELETE} route +0ms
[Nest] 15720  - 29/09/2026, 12:01:16 p. m.     LOG [RoutesResolver] RatesController {/api/v1/properties/:propertyId/rates}: +0ms
[Nest] 15720  - 29/09/2026, 12:01:16 p. m.     LOG [RouterExplorer] Mapped {/api/v1/properties/:propertyId/rates, POST} route +0ms
[Nest] 15720  - 29/09/2026, 12:01:16 p. m.     LOG [RouterExplorer] Mapped {/api/v1/properties/:propertyId/rates, GET} route +0ms
[Nest] 15720  - 29/09/2026, 12:01:16 p. m.     LOG [RouterExplorer] Mapped {/api/v1/properties/:propertyId/rates/:uuid, GET} route +1ms
[Nest] 15720  - 29/09/2026, 12:01:16 p. m.     LOG [RouterExplorer] Mapped {/api/v1/properties/:propertyId/rates/:uuid, PATCH} route +0ms
[Nest] 15720  - 29/09/2026, 12:01:16 p. m.     LOG [RouterExplorer] Mapped {/api/v1/properties/:propertyId/rates/:uuid, DELETE} route +0ms
[Nest] 15720  - 29/09/2026, 12:01:16 p. m.     LOG [RoutesResolver] ReservationsController {/api/v1/properties/:propertyId/reservations}: +0ms
[Nest] 15720  - 29/09/2026, 12:01:16 p. m.     LOG [RouterExplorer] Mapped {/api/v1/properties/:propertyId/reservations, POST} route +0ms
[Nest] 15720  - 29/09/2026, 12:01:16 p. m.     LOG [RouterExplorer] Mapped {/api/v1/properties/:propertyId/reservations, GET} route +0ms
[Nest] 15720  - 29/09/2026, 12:01:16 p. m.     LOG [RouterExplorer] Mapped {/api/v1/properties/:propertyId/reservations/:uuid, GET} route +0ms
[Nest] 15720  - 29/09/2026, 12:01:16 p. m.     LOG [RouterExplorer] Mapped {/api/v1/properties/:propertyId/reservations/:uuid, PATCH} route +0ms
[Nest] 15720  - 29/09/2026, 12:01:16 p. m.     LOG [RouterExplorer] Mapped {/api/v1/properties/:propertyId/reservations/:uuid/cancel, POST} route +0ms
[Nest] 15720  - 29/09/2026, 12:01:16 p. m.     LOG [RoutesResolver] ReservationRoomsController {/api/v1/properties/:propertyId/reservations/:reservationUuid/rooms}: +0ms
[Nest] 15720  - 29/09/2026, 12:01:16 p. m.     LOG [RouterExplorer] Mapped {/api/v1/properties/:propertyId/reservations/:reservationUuid/rooms, GET} route +0ms
[Nest] 15720  - 29/09/2026, 12:01:16 p. m.     LOG [RouterExplorer] Mapped {/api/v1/properties/:propertyId/reservations/:reservationUuid/rooms/:uuid, GET} route +0ms
[Nest] 15720  - 29/09/2026, 12:01:16 p. m.     LOG [RouterExplorer] Mapped {/api/v1/properties/:propertyId/reservations/:reservationUuid/rooms, POST} route +1ms
[Nest] 15720  - 29/09/2026, 12:01:16 p. m.     LOG [RouterExplorer] Mapped {/api/v1/properties/:propertyId/reservations/:reservationUuid/rooms/:uuid, PATCH} route +0ms
[Nest] 15720  - 29/09/2026, 12:01:16 p. m.     LOG [RouterExplorer] Mapped {/api/v1/properties/:propertyId/reservations/:reservationUuid/rooms/:uuid, DELETE} route +0ms
[Nest] 15720  - 29/09/2026, 12:01:16 p. m.     LOG [RouterExplorer] Mapped {/api/v1/properties/:propertyId/reservations/:reservationUuid/rooms/:uuid/check-in, POST} route +0ms
[Nest] 15720  - 29/09/2026, 12:01:16 p. m.     LOG [RouterExplorer] Mapped {/api/v1/properties/:propertyId/reservations/:reservationUuid/rooms/:uuid/check-out, POST} route +0ms
[Nest] 15720  - 29/09/2026, 12:01:16 p. m.     LOG [RoutesResolver] ReservationGuestsController {/api/v1/properties/:propertyId/reservation-rooms/:reservationRoomUuid/guests}: +0ms
[Nest] 15720  - 29/09/2026, 12:01:16 p. m.     LOG [RouterExplorer] Mapped {/api/v1/properties/:propertyId/reservation-rooms/:reservationRoomUuid/guests, GET} route +0ms
[Nest] 15720  - 29/09/2026, 12:01:16 p. m.     LOG [RouterExplorer] Mapped {/api/v1/properties/:propertyId/reservation-rooms/:reservationRoomUuid/guests, POST} route +0ms
[Nest] 15720  - 29/09/2026, 12:01:16 p. m.     LOG [RouterExplorer] Mapped {/api/v1/properties/:propertyId/reservation-rooms/:reservationRoomUuid/guests/:id, PATCH} route +0ms
[Nest] 15720  - 29/09/2026, 12:01:16 p. m.     LOG [RouterExplorer] Mapped {/api/v1/properties/:propertyId/reservation-rooms/:reservationRoomUuid/guests/:id, DELETE} route +0ms
[Nest] 15720  - 29/09/2026, 12:01:16 p. m.     LOG [RoutesResolver] PaymentsController {/api/v1/properties/:propertyId}: +0ms
[Nest] 15720  - 29/09/2026, 12:01:16 p. m.     LOG [RouterExplorer] Mapped {/api/v1/properties/:propertyId/payments, GET} route +1ms
[Nest] 15720  - 29/09/2026, 12:01:16 p. m.     LOG [RouterExplorer] Mapped {/api/v1/properties/:propertyId/payments/:uuid, GET} route +0ms
[Nest] 15720  - 29/09/2026, 12:01:16 p. m.     LOG [RouterExplorer] Mapped {/api/v1/properties/:propertyId/reservations/:reservationUuid/payments, GET} route +0ms
[Nest] 15720  - 29/09/2026, 12:01:16 p. m.     LOG [RouterExplorer] Mapped {/api/v1/properties/:propertyId/reservations/:reservationUuid/payments, POST} route +0ms
[Nest] 15720  - 29/09/2026, 12:01:16 p. m.     LOG [RoutesResolver] AvailabilityController {/api/v1/properties/:propertyId/availability}: +0ms
[Nest] 15720  - 29/09/2026, 12:01:16 p. m.     LOG [RouterExplorer] Mapped {/api/v1/properties/:propertyId/availability, GET} route +0ms
[Nest] 15720  - 29/09/2026, 12:01:16 p. m.     LOG [RoutesResolver] FrontDeskController {/api/v1/properties/:propertyId/front-desk}: +0ms
[Nest] 15720  - 29/09/2026, 12:01:16 p. m.     LOG [RouterExplorer] Mapped {/api/v1/properties/:propertyId/front-desk, GET} route +0ms
[Nest] 15720  - 29/09/2026, 12:01:16 p. m.     LOG [RouterExplorer] Mapped {/api/v1/properties/:propertyId/front-desk/walk-in, POST} route +0ms
[Nest] 15720  - 29/09/2026, 12:01:16 p. m.     LOG [RoutesResolver] PlanningController {/api/v1/properties/:propertyId/planning}: +0ms
[Nest] 15720  - 29/09/2026, 12:01:16 p. m.     LOG [RouterExplorer] Mapped {/api/v1/properties/:propertyId/planning, GET} route +0ms
[Nest] 15720  - 29/09/2026, 12:01:16 p. m.     LOG [NestApplication] Nest application successfully started +39ms
Swagger: http://localhost:3000/docs/
[2J[3J[H[[90m12:01:39 p. m.[0m] File change detected. Starting incremental compilation...

[[90m12:01:39 p. m.[0m] Found 0 errors. Watching for file changes.

[Nest] 8444  - 29/09/2026, 12:01:40 p. m.     LOG [NestFactory] Starting Nest application...
[Nest] 8444  - 29/09/2026, 12:01:40 p. m.     LOG [InstanceLoader] AppModule dependencies initialized +16ms
[Nest] 8444  - 29/09/2026, 12:01:40 p. m.     LOG [InstanceLoader] PrismaModule dependencies initialized +0ms
[Nest] 8444  - 29/09/2026, 12:01:41 p. m.     LOG [InstanceLoader] JwtModule dependencies initialized +7ms
[Nest] 8444  - 29/09/2026, 12:01:41 p. m.     LOG [InstanceLoader] DepartmentsModule dependencies initialized +1ms
[Nest] 8444  - 29/09/2026, 12:01:41 p. m.     LOG [InstanceLoader] PermissionGroupsModule dependencies initialized +0ms
[Nest] 8444  - 29/09/2026, 12:01:41 p. m.     LOG [InstanceLoader] ProvincesModule dependencies initialized +1ms
[Nest] 8444  - 29/09/2026, 12:01:41 p. m.     LOG [InstanceLoader] DistrictsModule dependencies initialized +0ms
[Nest] 8444  - 29/09/2026, 12:01:41 p. m.     LOG [InstanceLoader] PropertiesModule dependencies initialized +1ms
[Nest] 8444  - 29/09/2026, 12:01:41 p. m.     LOG [InstanceLoader] FloorsModule dependencies initialized +0ms
[Nest] 8444  - 29/09/2026, 12:01:41 p. m.     LOG [InstanceLoader] RoomTypesModule dependencies initialized +0ms
[Nest] 8444  - 29/09/2026, 12:01:41 p. m.     LOG [InstanceLoader] RoomsModule dependencies initialized +0ms
[Nest] 8444  - 29/09/2026, 12:01:41 p. m.     LOG [InstanceLoader] RolesModule dependencies initialized +0ms
[Nest] 8444  - 29/09/2026, 12:01:41 p. m.     LOG [InstanceLoader] PermissionsModule dependencies initialized +0ms
[Nest] 8444  - 29/09/2026, 12:01:41 p. m.     LOG [InstanceLoader] EmployeesModule dependencies initialized +0ms
[Nest] 8444  - 29/09/2026, 12:01:41 p. m.     LOG [InstanceLoader] GuestsModule dependencies initialized +0ms
[Nest] 8444  - 29/09/2026, 12:01:41 p. m.     LOG [InstanceLoader] CompaniesModule dependencies initialized +0ms
[Nest] 8444  - 29/09/2026, 12:01:41 p. m.     LOG [InstanceLoader] RatesModule dependencies initialized +0ms
[Nest] 8444  - 29/09/2026, 12:01:41 p. m.     LOG [InstanceLoader] AuthModule dependencies initialized +1ms
[Nest] 8444  - 29/09/2026, 12:01:41 p. m.     LOG [InstanceLoader] ReservationsModule dependencies initialized +0ms
[Nest] 8444  - 29/09/2026, 12:01:41 p. m.     LOG [RoutesResolver] AuthController {/api/v1/auth}: +101ms
[Nest] 8444  - 29/09/2026, 12:01:41 p. m.     LOG [RouterExplorer] Mapped {/api/v1/auth/login, POST} route +3ms
[Nest] 8444  - 29/09/2026, 12:01:41 p. m.     LOG [RouterExplorer] Mapped {/api/v1/auth/google, POST} route +0ms
[Nest] 8444  - 29/09/2026, 12:01:41 p. m.     LOG [RouterExplorer] Mapped {/api/v1/auth/google, GET} route +0ms
[Nest] 8444  - 29/09/2026, 12:01:41 p. m.     LOG [RouterExplorer] Mapped {/api/v1/auth/google/callback, GET} route +0ms
[Nest] 8444  - 29/09/2026, 12:01:41 p. m.     LOG [RouterExplorer] Mapped {/api/v1/auth/me, GET} route +1ms
[Nest] 8444  - 29/09/2026, 12:01:41 p. m.     LOG [RouterExplorer] Mapped {/api/v1/auth/logout, POST} route +0ms
[Nest] 8444  - 29/09/2026, 12:01:41 p. m.     LOG [RouterExplorer] Mapped {/api/v1/auth/google/logout, POST} route +0ms
[Nest] 8444  - 29/09/2026, 12:01:41 p. m.     LOG [RoutesResolver] MaterioLoginController {/api/v1}: +0ms
[Nest] 8444  - 29/09/2026, 12:01:41 p. m.     LOG [RouterExplorer] Mapped {/api/v1/login, POST} route +0ms
[Nest] 8444  - 29/09/2026, 12:01:41 p. m.     LOG [RoutesResolver] DepartmentsController {/api/v1/departments}: +0ms
[Nest] 8444  - 29/09/2026, 12:01:41 p. m.     LOG [RouterExplorer] Mapped {/api/v1/departments, POST} route +0ms
[Nest] 8444  - 29/09/2026, 12:01:41 p. m.     LOG [RouterExplorer] Mapped {/api/v1/departments, GET} route +1ms
[Nest] 8444  - 29/09/2026, 12:01:41 p. m.     LOG [RouterExplorer] Mapped {/api/v1/departments/:uuid, GET} route +0ms
[Nest] 8444  - 29/09/2026, 12:01:41 p. m.     LOG [RouterExplorer] Mapped {/api/v1/departments/:uuid, PATCH} route +0ms
[Nest] 8444  - 29/09/2026, 12:01:41 p. m.     LOG [RouterExplorer] Mapped {/api/v1/departments/:uuid, DELETE} route +0ms
[Nest] 8444  - 29/09/2026, 12:01:41 p. m.     LOG [RoutesResolver] ProvincesController {/api/v1/provinces}: +0ms
[Nest] 8444  - 29/09/2026, 12:01:41 p. m.     LOG [RouterExplorer] Mapped {/api/v1/provinces, POST} route +0ms
[Nest] 8444  - 29/09/2026, 12:01:41 p. m.     LOG [RouterExplorer] Mapped {/api/v1/provinces, GET} route +0ms
[Nest] 8444  - 29/09/2026, 12:01:41 p. m.     LOG [RouterExplorer] Mapped {/api/v1/provinces/by-department/:departmentId, GET} route +0ms
[Nest] 8444  - 29/09/2026, 12:01:41 p. m.     LOG [RouterExplorer] Mapped {/api/v1/provinces/:uuid, GET} route +1ms
[Nest] 8444  - 29/09/2026, 12:01:41 p. m.     LOG [RouterExplorer] Mapped {/api/v1/provinces/:uuid, PATCH} route +0ms
[Nest] 8444  - 29/09/2026, 12:01:41 p. m.     LOG [RouterExplorer] Mapped {/api/v1/provinces/:uuid, DELETE} route +0ms
[Nest] 8444  - 29/09/2026, 12:01:41 p. m.     LOG [RoutesResolver] DistrictsController {/api/v1/districts}: +0ms
[Nest] 8444  - 29/09/2026, 12:01:41 p. m.     LOG [RouterExplorer] Mapped {/api/v1/districts, POST} route +0ms
[Nest] 8444  - 29/09/2026, 12:01:41 p. m.     LOG [RouterExplorer] Mapped {/api/v1/districts, GET} route +0ms
[Nest] 8444  - 29/09/2026, 12:01:41 p. m.     LOG [RouterExplorer] Mapped {/api/v1/districts/by-province/:provinceId, GET} route +0ms
[Nest] 8444  - 29/09/2026, 12:01:41 p. m.     LOG [RouterExplorer] Mapped {/api/v1/districts/:uuid, GET} route +0ms
[Nest] 8444  - 29/09/2026, 12:01:41 p. m.     LOG [RouterExplorer] Mapped {/api/v1/districts/:uuid, PATCH} route +0ms
[Nest] 8444  - 29/09/2026, 12:01:41 p. m.     LOG [RouterExplorer] Mapped {/api/v1/districts/:uuid, DELETE} route +1ms
[Nest] 8444  - 29/09/2026, 12:01:41 p. m.     LOG [RoutesResolver] PropertiesController {/api/v1/properties}: +0ms
[Nest] 8444  - 29/09/2026, 12:01:41 p. m.     LOG [RouterExplorer] Mapped {/api/v1/properties, POST} route +0ms
[Nest] 8444  - 29/09/2026, 12:01:41 p. m.     LOG [RouterExplorer] Mapped {/api/v1/properties, GET} route +0ms
[Nest] 8444  - 29/09/2026, 12:01:41 p. m.     LOG [RouterExplorer] Mapped {/api/v1/properties/:uuid, GET} route +0ms
[Nest] 8444  - 29/09/2026, 12:01:41 p. m.     LOG [RouterExplorer] Mapped {/api/v1/properties/:uuid, PATCH} route +0ms
[Nest] 8444  - 29/09/2026, 12:01:41 p. m.     LOG [RouterExplorer] Mapped {/api/v1/properties/:uuid, DELETE} route +0ms
[Nest] 8444  - 29/09/2026, 12:01:41 p. m.     LOG [RoutesResolver] PropertySettingsController {/api/v1/properties/:propertyId/settings}: +0ms
[Nest] 8444  - 29/09/2026, 12:01:41 p. m.     LOG [RouterExplorer] Mapped {/api/v1/properties/:propertyId/settings, GET} route +0ms
[Nest] 8444  - 29/09/2026, 12:01:41 p. m.     LOG [RouterExplorer] Mapped {/api/v1/properties/:propertyId/settings, PATCH} route +0ms
[Nest] 8444  - 29/09/2026, 12:01:41 p. m.     LOG [RoutesResolver] FloorsController {/api/v1/properties/:propertyId/floors}: +0ms
[Nest] 8444  - 29/09/2026, 12:01:41 p. m.     LOG [RouterExplorer] Mapped {/api/v1/properties/:propertyId/floors, POST} route +0ms
[Nest] 8444  - 29/09/2026, 12:01:41 p. m.     LOG [RouterExplorer] Mapped {/api/v1/properties/:propertyId/floors, GET} route +0ms
[Nest] 8444  - 29/09/2026, 12:01:41 p. m.     LOG [RouterExplorer] Mapped {/api/v1/properties/:propertyId/floors/:uuid, GET} route +0ms
[Nest] 8444  - 29/09/2026, 12:01:41 p. m.     LOG [RouterExplorer] Mapped {/api/v1/properties/:propertyId/floors/:uuid, PATCH} route +1ms
[Nest] 8444  - 29/09/2026, 12:01:41 p. m.     LOG [RouterExplorer] Mapped {/api/v1/properties/:propertyId/floors/:uuid, DELETE} route +0ms
[Nest] 8444  - 29/09/2026, 12:01:41 p. m.     LOG [RoutesResolver] RoomTypesController {/api/v1/properties/:propertyId/room-types}: +0ms
[Nest] 8444  - 29/09/2026, 12:01:41 p. m.     LOG [RouterExplorer] Mapped {/api/v1/properties/:propertyId/room-types, POST} route +0ms
[Nest] 8444  - 29/09/2026, 12:01:41 p. m.     LOG [RouterExplorer] Mapped {/api/v1/properties/:propertyId/room-types, GET} route +0ms
[Nest] 8444  - 29/09/2026, 12:01:41 p. m.     LOG [RouterExplorer] Mapped {/api/v1/properties/:propertyId/room-types/:uuid, GET} route +0ms
[Nest] 8444  - 29/09/2026, 12:01:41 p. m.     LOG [RouterExplorer] Mapped {/api/v1/properties/:propertyId/room-types/:uuid, PATCH} route +0ms
[Nest] 8444  - 29/09/2026, 12:01:41 p. m.     LOG [RouterExplorer] Mapped {/api/v1/properties/:propertyId/room-types/:uuid, DELETE} route +0ms
[Nest] 8444  - 29/09/2026, 12:01:41 p. m.     LOG [RoutesResolver] RoomsController {/api/v1/properties/:propertyId/rooms}: +0ms
[Nest] 8444  - 29/09/2026, 12:01:41 p. m.     LOG [RouterExplorer] Mapped {/api/v1/properties/:propertyId/rooms, POST} route +0ms
[Nest] 8444  - 29/09/2026, 12:01:41 p. m.     LOG [RouterExplorer] Mapped {/api/v1/properties/:propertyId/rooms, GET} route +0ms
[Nest] 8444  - 29/09/2026, 12:01:41 p. m.     LOG [RouterExplorer] Mapped {/api/v1/properties/:propertyId/rooms/:uuid, GET} route +0ms
[Nest] 8444  - 29/09/2026, 12:01:41 p. m.     LOG [RouterExplorer] Mapped {/api/v1/properties/:propertyId/rooms/:uuid, PATCH} route +1ms
[Nest] 8444  - 29/09/2026, 12:01:41 p. m.     LOG [RouterExplorer] Mapped {/api/v1/properties/:propertyId/rooms/:uuid, DELETE} route +0ms
[Nest] 8444  - 29/09/2026, 12:01:41 p. m.     LOG [RoutesResolver] RolesController {/api/v1/properties/:propertyId/roles}: +0ms
[Nest] 8444  - 29/09/2026, 12:01:41 p. m.     LOG [RouterExplorer] Mapped {/api/v1/properties/:propertyId/roles, POST} route +0ms
[Nest] 8444  - 29/09/2026, 12:01:41 p. m.     LOG [RouterExplorer] Mapped {/api/v1/properties/:propertyId/roles, GET} route +0ms
[Nest] 8444  - 29/09/2026, 12:01:41 p. m.     LOG [RouterExplorer] Mapped {/api/v1/properties/:propertyId/roles/:uuid, GET} route +0ms
[Nest] 8444  - 29/09/2026, 12:01:41 p. m.     LOG [RouterExplorer] Mapped {/api/v1/properties/:propertyId/roles/:uuid/permissions, GET} route +0ms
[Nest] 8444  - 29/09/2026, 12:01:41 p. m.     LOG [RouterExplorer] Mapped {/api/v1/properties/:propertyId/roles/:uuid, PATCH} route +0ms
[Nest] 8444  - 29/09/2026, 12:01:41 p. m.     LOG [RouterExplorer] Mapped {/api/v1/properties/:propertyId/roles/:uuid, DELETE} route +1ms
[Nest] 8444  - 29/09/2026, 12:01:41 p. m.     LOG [RoutesResolver] PermissionGroupsController {/api/v1/permission-groups}: +0ms
[Nest] 8444  - 29/09/2026, 12:01:41 p. m.     LOG [RouterExplorer] Mapped {/api/v1/permission-groups, POST} route +0ms
[Nest] 8444  - 29/09/2026, 12:01:41 p. m.     LOG [RouterExplorer] Mapped {/api/v1/permission-groups, GET} route +0ms
[Nest] 8444  - 29/09/2026, 12:01:41 p. m.     LOG [RouterExplorer] Mapped {/api/v1/permission-groups/:uuid, GET} route +0ms
[Nest] 8444  - 29/09/2026, 12:01:41 p. m.     LOG [RouterExplorer] Mapped {/api/v1/permission-groups/:uuid, PATCH} route +0ms
[Nest] 8444  - 29/09/2026, 12:01:41 p. m.     LOG [RouterExplorer] Mapped {/api/v1/permission-groups/:uuid, DELETE} route +0ms
[Nest] 8444  - 29/09/2026, 12:01:41 p. m.     LOG [RoutesResolver] PermissionsController {/api/v1/permissions}: +0ms
[Nest] 8444  - 29/09/2026, 12:01:41 p. m.     LOG [RouterExplorer] Mapped {/api/v1/permissions, POST} route +0ms
[Nest] 8444  - 29/09/2026, 12:01:41 p. m.     LOG [RouterExplorer] Mapped {/api/v1/permissions, GET} route +1ms
[Nest] 8444  - 29/09/2026, 12:01:41 p. m.     LOG [RouterExplorer] Mapped {/api/v1/permissions/by-group/:permissionGroupId, GET} route +0ms
[Nest] 8444  - 29/09/2026, 12:01:41 p. m.     LOG [RouterExplorer] Mapped {/api/v1/permissions/:uuid, GET} route +0ms
[Nest] 8444  - 29/09/2026, 12:01:41 p. m.     LOG [RouterExplorer] Mapped {/api/v1/permissions/:uuid, PATCH} route +0ms
[Nest] 8444  - 29/09/2026, 12:01:41 p. m.     LOG [RouterExplorer] Mapped {/api/v1/permissions/:uuid, DELETE} route +0ms
[Nest] 8444  - 29/09/2026, 12:01:41 p. m.     LOG [RoutesResolver] EmployeesController {/api/v1/properties/:propertyId/employees}: +0ms
[Nest] 8444  - 29/09/2026, 12:01:41 p. m.     LOG [RouterExplorer] Mapped {/api/v1/properties/:propertyId/employees, POST} route +0ms
[Nest] 8444  - 29/09/2026, 12:01:41 p. m.     LOG [RouterExplorer] Mapped {/api/v1/properties/:propertyId/employees, GET} route +0ms
[Nest] 8444  - 29/09/2026, 12:01:41 p. m.     LOG [RouterExplorer] Mapped {/api/v1/properties/:propertyId/employees/:uuid, GET} route +1ms
[Nest] 8444  - 29/09/2026, 12:01:41 p. m.     LOG [RouterExplorer] Mapped {/api/v1/properties/:propertyId/employees/:uuid, PATCH} route +0ms
[Nest] 8444  - 29/09/2026, 12:01:41 p. m.     LOG [RouterExplorer] Mapped {/api/v1/properties/:propertyId/employees/:uuid, DELETE} route +0ms
[Nest] 8444  - 29/09/2026, 12:01:41 p. m.     LOG [RoutesResolver] GuestsController {/api/v1/properties/:propertyId/guests}: +0ms
[Nest] 8444  - 29/09/2026, 12:01:41 p. m.     LOG [RouterExplorer] Mapped {/api/v1/properties/:propertyId/guests, POST} route +0ms
[Nest] 8444  - 29/09/2026, 12:01:41 p. m.     LOG [RouterExplorer] Mapped {/api/v1/properties/:propertyId/guests, GET} route +0ms
[Nest] 8444  - 29/09/2026, 12:01:41 p. m.     LOG [RouterExplorer] Mapped {/api/v1/properties/:propertyId/guests/:uuid, GET} route +0ms
[Nest] 8444  - 29/09/2026, 12:01:41 p. m.     LOG [RouterExplorer] Mapped {/api/v1/properties/:propertyId/guests/:uuid, PATCH} route +0ms
[Nest] 8444  - 29/09/2026, 12:01:41 p. m.     LOG [RouterExplorer] Mapped {/api/v1/properties/:propertyId/guests/:uuid, DELETE} route +0ms
[Nest] 8444  - 29/09/2026, 12:01:41 p. m.     LOG [RoutesResolver] CompaniesController {/api/v1/properties/:propertyId/companies}: +0ms
[Nest] 8444  - 29/09/2026, 12:01:41 p. m.     LOG [RouterExplorer] Mapped {/api/v1/properties/:propertyId/companies, POST} route +0ms
[Nest] 8444  - 29/09/2026, 12:01:41 p. m.     LOG [RouterExplorer] Mapped {/api/v1/properties/:propertyId/companies, GET} route +0ms
[Nest] 8444  - 29/09/2026, 12:01:41 p. m.     LOG [RouterExplorer] Mapped {/api/v1/properties/:propertyId/companies/:uuid, GET} route +0ms
[Nest] 8444  - 29/09/2026, 12:01:41 p. m.     LOG [RouterExplorer] Mapped {/api/v1/properties/:propertyId/companies/:uuid, PATCH} route +1ms
[Nest] 8444  - 29/09/2026, 12:01:41 p. m.     LOG [RouterExplorer] Mapped {/api/v1/properties/:propertyId/companies/:uuid, DELETE} route +0ms
[Nest] 8444  - 29/09/2026, 12:01:41 p. m.     LOG [RoutesResolver] RatesController {/api/v1/properties/:propertyId/rates}: +0ms
[Nest] 8444  - 29/09/2026, 12:01:41 p. m.     LOG [RouterExplorer] Mapped {/api/v1/properties/:propertyId/rates, POST} route +0ms
[Nest] 8444  - 29/09/2026, 12:01:41 p. m.     LOG [RouterExplorer] Mapped {/api/v1/properties/:propertyId/rates, GET} route +0ms
[Nest] 8444  - 29/09/2026, 12:01:41 p. m.     LOG [RouterExplorer] Mapped {/api/v1/properties/:propertyId/rates/:uuid, GET} route +0ms
[Nest] 8444  - 29/09/2026, 12:01:41 p. m.     LOG [RouterExplorer] Mapped {/api/v1/properties/:propertyId/rates/:uuid, PATCH} route +0ms
[Nest] 8444  - 29/09/2026, 12:01:41 p. m.     LOG [RouterExplorer] Mapped {/api/v1/properties/:propertyId/rates/:uuid, DELETE} route +0ms
[Nest] 8444  - 29/09/2026, 12:01:41 p. m.     LOG [RoutesResolver] ReservationsController {/api/v1/properties/:propertyId/reservations}: +0ms
[Nest] 8444  - 29/09/2026, 12:01:41 p. m.     LOG [RouterExplorer] Mapped {/api/v1/properties/:propertyId/reservations, POST} route +0ms
[Nest] 8444  - 29/09/2026, 12:01:41 p. m.     LOG [RouterExplorer] Mapped {/api/v1/properties/:propertyId/reservations, GET} route +0ms
[Nest] 8444  - 29/09/2026, 12:01:41 p. m.     LOG [RouterExplorer] Mapped {/api/v1/properties/:propertyId/reservations/:uuid, GET} route +0ms
[Nest] 8444  - 29/09/2026, 12:01:41 p. m.     LOG [RouterExplorer] Mapped {/api/v1/properties/:propertyId/reservations/:uuid, PATCH} route +1ms
[Nest] 8444  - 29/09/2026, 12:01:41 p. m.     LOG [RouterExplorer] Mapped {/api/v1/properties/:propertyId/reservations/:uuid/cancel, POST} route +0ms
[Nest] 8444  - 29/09/2026, 12:01:41 p. m.     LOG [RoutesResolver] ReservationRoomsController {/api/v1/properties/:propertyId/reservations/:reservationUuid/rooms}: +0ms
[Nest] 8444  - 29/09/2026, 12:01:41 p. m.     LOG [RouterExplorer] Mapped {/api/v1/properties/:propertyId/reservations/:reservationUuid/rooms, GET} route +0ms
[Nest] 8444  - 29/09/2026, 12:01:41 p. m.     LOG [RouterExplorer] Mapped {/api/v1/properties/:propertyId/reservations/:reservationUuid/rooms/:uuid, GET} route +0ms
[Nest] 8444  - 29/09/2026, 12:01:41 p. m.     LOG [RouterExplorer] Mapped {/api/v1/properties/:propertyId/reservations/:reservationUuid/rooms, POST} route +0ms
[Nest] 8444  - 29/09/2026, 12:01:41 p. m.     LOG [RouterExplorer] Mapped {/api/v1/properties/:propertyId/reservations/:reservationUuid/rooms/:uuid, PATCH} route +0ms
[Nest] 8444  - 29/09/2026, 12:01:41 p. m.     LOG [RouterExplorer] Mapped {/api/v1/properties/:propertyId/reservations/:reservationUuid/rooms/:uuid, DELETE} route +1ms
[Nest] 8444  - 29/09/2026, 12:01:41 p. m.     LOG [RouterExplorer] Mapped {/api/v1/properties/:propertyId/reservations/:reservationUuid/rooms/:uuid/check-in, POST} route +0ms
[Nest] 8444  - 29/09/2026, 12:01:41 p. m.     LOG [RouterExplorer] Mapped {/api/v1/properties/:propertyId/reservations/:reservationUuid/rooms/:uuid/check-out, POST} route +0ms
[Nest] 8444  - 29/09/2026, 12:01:41 p. m.     LOG [RoutesResolver] ReservationGuestsController {/api/v1/properties/:propertyId/reservation-rooms/:reservationRoomUuid/guests}: +0ms
[Nest] 8444  - 29/09/2026, 12:01:41 p. m.     LOG [RouterExplorer] Mapped {/api/v1/properties/:propertyId/reservation-rooms/:reservationRoomUuid/guests, GET} route +0ms
[Nest] 8444  - 29/09/2026, 12:01:41 p. m.     LOG [RouterExplorer] Mapped {/api/v1/properties/:propertyId/reservation-rooms/:reservationRoomUuid/guests, POST} route +0ms
[Nest] 8444  - 29/09/2026, 12:01:41 p. m.     LOG [RouterExplorer] Mapped {/api/v1/properties/:propertyId/reservation-rooms/:reservationRoomUuid/guests/:id, PATCH} route +0ms
[Nest] 8444  - 29/09/2026, 12:01:41 p. m.     LOG [RouterExplorer] Mapped {/api/v1/properties/:propertyId/reservation-rooms/:reservationRoomUuid/guests/:id, DELETE} route +1ms
[Nest] 8444  - 29/09/2026, 12:01:41 p. m.     LOG [RoutesResolver] PaymentsController {/api/v1/properties/:propertyId}: +0ms
[Nest] 8444  - 29/09/2026, 12:01:41 p. m.     LOG [RouterExplorer] Mapped {/api/v1/properties/:propertyId/payments, GET} route +0ms
[Nest] 8444  - 29/09/2026, 12:01:41 p. m.     LOG [RouterExplorer] Mapped {/api/v1/properties/:propertyId/payments/:uuid, GET} route +0ms
[Nest] 8444  - 29/09/2026, 12:01:41 p. m.     LOG [RouterExplorer] Mapped {/api/v1/properties/:propertyId/reservations/:reservationUuid/payments, GET} route +0ms
[Nest] 8444  - 29/09/2026, 12:01:41 p. m.     LOG [RouterExplorer] Mapped {/api/v1/properties/:propertyId/reservations/:reservationUuid/payments, POST} route +0ms
[Nest] 8444  - 29/09/2026, 12:01:41 p. m.     LOG [RoutesResolver] AvailabilityController {/api/v1/properties/:propertyId/availability}: +0ms
[Nest] 8444  - 29/09/2026, 12:01:41 p. m.     LOG [RouterExplorer] Mapped {/api/v1/properties/:propertyId/availability, GET} route +0ms
[Nest] 8444  - 29/09/2026, 12:01:41 p. m.     LOG [RoutesResolver] FrontDeskController {/api/v1/properties/:propertyId/front-desk}: +0ms
[Nest] 8444  - 29/09/2026, 12:01:41 p. m.     LOG [RouterExplorer] Mapped {/api/v1/properties/:propertyId/front-desk, GET} route +0ms
[Nest] 8444  - 29/09/2026, 12:01:41 p. m.     LOG [RouterExplorer] Mapped {/api/v1/properties/:propertyId/front-desk/walk-in, POST} route +0ms
[Nest] 8444  - 29/09/2026, 12:01:41 p. m.     LOG [RoutesResolver] PlanningController {/api/v1/properties/:propertyId/planning}: +0ms
[Nest] 8444  - 29/09/2026, 12:01:41 p. m.     LOG [RouterExplorer] Mapped {/api/v1/properties/:propertyId/planning, GET} route +1ms
[Nest] 8444  - 29/09/2026, 12:01:41 p. m.     LOG [NestApplication] Nest application successfully started +34ms
Swagger: http://localhost:3000/docs/
[2J[3J[H[[90m12:01:46 p. m.[0m] File change detected. Starting incremental compilation...

[[90m12:01:47 p. m.[0m] Found 0 errors. Watching for file changes.

[Nest] 9764  - 29/09/2026, 12:01:49 p. m.     LOG [NestFactory] Starting Nest application...
[Nest] 9764  - 29/09/2026, 12:01:49 p. m.     LOG [InstanceLoader] AppModule dependencies initialized +19ms
[Nest] 9764  - 29/09/2026, 12:01:49 p. m.     LOG [InstanceLoader] PrismaModule dependencies initialized +0ms
[Nest] 9764  - 29/09/2026, 12:01:49 p. m.     LOG [InstanceLoader] JwtModule dependencies initialized +10ms
[Nest] 9764  - 29/09/2026, 12:01:49 p. m.     LOG [InstanceLoader] DepartmentsModule dependencies initialized +2ms
[Nest] 9764  - 29/09/2026, 12:01:49 p. m.     LOG [InstanceLoader] PermissionGroupsModule dependencies initialized +0ms
[Nest] 9764  - 29/09/2026, 12:01:49 p. m.     LOG [InstanceLoader] ProvincesModule dependencies initialized +1ms
[Nest] 9764  - 29/09/2026, 12:01:49 p. m.     LOG [InstanceLoader] DistrictsModule dependencies initialized +0ms
[Nest] 9764  - 29/09/2026, 12:01:49 p. m.     LOG [InstanceLoader] PropertiesModule dependencies initialized +0ms
[Nest] 9764  - 29/09/2026, 12:01:49 p. m.     LOG [InstanceLoader] FloorsModule dependencies initialized +0ms
[Nest] 9764  - 29/09/2026, 12:01:49 p. m.     LOG [InstanceLoader] RoomTypesModule dependencies initialized +0ms
[Nest] 9764  - 29/09/2026, 12:01:49 p. m.     LOG [InstanceLoader] RoomsModule dependencies initialized +0ms
[Nest] 9764  - 29/09/2026, 12:01:49 p. m.     LOG [InstanceLoader] RolesModule dependencies initialized +0ms
[Nest] 9764  - 29/09/2026, 12:01:49 p. m.     LOG [InstanceLoader] PermissionsModule dependencies initialized +0ms
[Nest] 9764  - 29/09/2026, 12:01:49 p. m.     LOG [InstanceLoader] EmployeesModule dependencies initialized +0ms
[Nest] 9764  - 29/09/2026, 12:01:49 p. m.     LOG [InstanceLoader] GuestsModule dependencies initialized +0ms
[Nest] 9764  - 29/09/2026, 12:01:49 p. m.     LOG [InstanceLoader] CompaniesModule dependencies initialized +0ms
[Nest] 9764  - 29/09/2026, 12:01:49 p. m.     LOG [InstanceLoader] RatesModule dependencies initialized +0ms
[Nest] 9764  - 29/09/2026, 12:01:49 p. m.     LOG [InstanceLoader] AuthModule dependencies initialized +0ms
[Nest] 9764  - 29/09/2026, 12:01:49 p. m.     LOG [InstanceLoader] ReservationsModule dependencies initialized +0ms
[Nest] 9764  - 29/09/2026, 12:01:49 p. m.     LOG [RoutesResolver] AuthController {/api/v1/auth}: +107ms
[Nest] 9764  - 29/09/2026, 12:01:49 p. m.     LOG [RouterExplorer] Mapped {/api/v1/auth/login, POST} route +5ms
[Nest] 9764  - 29/09/2026, 12:01:49 p. m.     LOG [RouterExplorer] Mapped {/api/v1/auth/google, POST} route +0ms
[Nest] 9764  - 29/09/2026, 12:01:49 p. m.     LOG [RouterExplorer] Mapped {/api/v1/auth/google, GET} route +1ms
[Nest] 9764  - 29/09/2026, 12:01:49 p. m.     LOG [RouterExplorer] Mapped {/api/v1/auth/google/callback, GET} route +0ms
[Nest] 9764  - 29/09/2026, 12:01:49 p. m.     LOG [RouterExplorer] Mapped {/api/v1/auth/me, GET} route +0ms
[Nest] 9764  - 29/09/2026, 12:01:49 p. m.     LOG [RouterExplorer] Mapped {/api/v1/auth/logout, POST} route +0ms
[Nest] 9764  - 29/09/2026, 12:01:49 p. m.     LOG [RouterExplorer] Mapped {/api/v1/auth/google/logout, POST} route +0ms
[Nest] 9764  - 29/09/2026, 12:01:49 p. m.     LOG [RoutesResolver] MaterioLoginController {/api/v1}: +0ms
[Nest] 9764  - 29/09/2026, 12:01:49 p. m.     LOG [RouterExplorer] Mapped {/api/v1/login, POST} route +0ms
[Nest] 9764  - 29/09/2026, 12:01:49 p. m.     LOG [RoutesResolver] DepartmentsController {/api/v1/departments}: +1ms
[Nest] 9764  - 29/09/2026, 12:01:49 p. m.     LOG [RouterExplorer] Mapped {/api/v1/departments, POST} route +0ms
[Nest] 9764  - 29/09/2026, 12:01:49 p. m.     LOG [RouterExplorer] Mapped {/api/v1/departments, GET} route +0ms
[Nest] 9764  - 29/09/2026, 12:01:49 p. m.     LOG [RouterExplorer] Mapped {/api/v1/departments/:uuid, GET} route +0ms
[Nest] 9764  - 29/09/2026, 12:01:49 p. m.     LOG [RouterExplorer] Mapped {/api/v1/departments/:uuid, PATCH} route +1ms
[Nest] 9764  - 29/09/2026, 12:01:49 p. m.     LOG [RouterExplorer] Mapped {/api/v1/departments/:uuid, DELETE} route +0ms
[Nest] 9764  - 29/09/2026, 12:01:49 p. m.     LOG [RoutesResolver] ProvincesController {/api/v1/provinces}: +0ms
[Nest] 9764  - 29/09/2026, 12:01:49 p. m.     LOG [RouterExplorer] Mapped {/api/v1/provinces, POST} route +0ms
[Nest] 9764  - 29/09/2026, 12:01:49 p. m.     LOG [RouterExplorer] Mapped {/api/v1/provinces, GET} route +0ms
[Nest] 9764  - 29/09/2026, 12:01:49 p. m.     LOG [RouterExplorer] Mapped {/api/v1/provinces/by-department/:departmentId, GET} route +0ms
[Nest] 9764  - 29/09/2026, 12:01:49 p. m.     LOG [RouterExplorer] Mapped {/api/v1/provinces/:uuid, GET} route +0ms
[Nest] 9764  - 29/09/2026, 12:01:49 p. m.     LOG [RouterExplorer] Mapped {/api/v1/provinces/:uuid, PATCH} route +1ms
[Nest] 9764  - 29/09/2026, 12:01:49 p. m.     LOG [RouterExplorer] Mapped {/api/v1/provinces/:uuid, DELETE} route +0ms
[Nest] 9764  - 29/09/2026, 12:01:49 p. m.     LOG [RoutesResolver] DistrictsController {/api/v1/districts}: +0ms
[Nest] 9764  - 29/09/2026, 12:01:49 p. m.     LOG [RouterExplorer] Mapped {/api/v1/districts, POST} route +0ms
[Nest] 9764  - 29/09/2026, 12:01:49 p. m.     LOG [RouterExplorer] Mapped {/api/v1/districts, GET} route +0ms
[Nest] 9764  - 29/09/2026, 12:01:49 p. m.     LOG [RouterExplorer] Mapped {/api/v1/districts/by-province/:provinceId, GET} route +0ms
[Nest] 9764  - 29/09/2026, 12:01:49 p. m.     LOG [RouterExplorer] Mapped {/api/v1/districts/:uuid, GET} route +0ms
[Nest] 9764  - 29/09/2026, 12:01:49 p. m.     LOG [RouterExplorer] Mapped {/api/v1/districts/:uuid, PATCH} route +0ms
[Nest] 9764  - 29/09/2026, 12:01:49 p. m.     LOG [RouterExplorer] Mapped {/api/v1/districts/:uuid, DELETE} route +0ms
[Nest] 9764  - 29/09/2026, 12:01:49 p. m.     LOG [RoutesResolver] PropertiesController {/api/v1/properties}: +0ms
[Nest] 9764  - 29/09/2026, 12:01:49 p. m.     LOG [RouterExplorer] Mapped {/api/v1/properties, POST} route +0ms
[Nest] 9764  - 29/09/2026, 12:01:49 p. m.     LOG [RouterExplorer] Mapped {/api/v1/properties, GET} route +1ms
[Nest] 9764  - 29/09/2026, 12:01:49 p. m.     LOG [RouterExplorer] Mapped {/api/v1/properties/:uuid, GET} route +0ms
[Nest] 9764  - 29/09/2026, 12:01:49 p. m.     LOG [RouterExplorer] Mapped {/api/v1/properties/:uuid, PATCH} route +0ms
[Nest] 9764  - 29/09/2026, 12:01:49 p. m.     LOG [RouterExplorer] Mapped {/api/v1/properties/:uuid, DELETE} route +0ms
[Nest] 9764  - 29/09/2026, 12:01:49 p. m.     LOG [RoutesResolver] PropertySettingsController {/api/v1/properties/:propertyId/settings}: +0ms
[Nest] 9764  - 29/09/2026, 12:01:49 p. m.     LOG [RouterExplorer] Mapped {/api/v1/properties/:propertyId/settings, GET} route +0ms
[Nest] 9764  - 29/09/2026, 12:01:49 p. m.     LOG [RouterExplorer] Mapped {/api/v1/properties/:propertyId/settings, PATCH} route +0ms
[Nest] 9764  - 29/09/2026, 12:01:49 p. m.     LOG [RoutesResolver] FloorsController {/api/v1/properties/:propertyId/floors}: +0ms
[Nest] 9764  - 29/09/2026, 12:01:49 p. m.     LOG [RouterExplorer] Mapped {/api/v1/properties/:propertyId/floors, POST} route +0ms
[Nest] 9764  - 29/09/2026, 12:01:49 p. m.     LOG [RouterExplorer] Mapped {/api/v1/properties/:propertyId/floors, GET} route +0ms
[Nest] 9764  - 29/09/2026, 12:01:49 p. m.     LOG [RouterExplorer] Mapped {/api/v1/properties/:propertyId/floors/:uuid, GET} route +0ms
[Nest] 9764  - 29/09/2026, 12:01:49 p. m.     LOG [RouterExplorer] Mapped {/api/v1/properties/:propertyId/floors/:uuid, PATCH} route +1ms
[Nest] 9764  - 29/09/2026, 12:01:49 p. m.     LOG [RouterExplorer] Mapped {/api/v1/properties/:propertyId/floors/:uuid, DELETE} route +0ms
[Nest] 9764  - 29/09/2026, 12:01:49 p. m.     LOG [RoutesResolver] RoomTypesController {/api/v1/properties/:propertyId/room-types}: +0ms
[Nest] 9764  - 29/09/2026, 12:01:49 p. m.     LOG [RouterExplorer] Mapped {/api/v1/properties/:propertyId/room-types, POST} route +0ms
[Nest] 9764  - 29/09/2026, 12:01:49 p. m.     LOG [RouterExplorer] Mapped {/api/v1/properties/:propertyId/room-types, GET} route +0ms
[Nest] 9764  - 29/09/2026, 12:01:49 p. m.     LOG [RouterExplorer] Mapped {/api/v1/properties/:propertyId/room-types/:uuid, GET} route +0ms
[Nest] 9764  - 29/09/2026, 12:01:49 p. m.     LOG [RouterExplorer] Mapped {/api/v1/properties/:propertyId/room-types/:uuid, PATCH} route +0ms
[Nest] 9764  - 29/09/2026, 12:01:49 p. m.     LOG [RouterExplorer] Mapped {/api/v1/properties/:propertyId/room-types/:uuid, DELETE} route +0ms
[Nest] 9764  - 29/09/2026, 12:01:49 p. m.     LOG [RoutesResolver] RoomsController {/api/v1/properties/:propertyId/rooms}: +0ms
[Nest] 9764  - 29/09/2026, 12:01:49 p. m.     LOG [RouterExplorer] Mapped {/api/v1/properties/:propertyId/rooms, POST} route +1ms
[Nest] 9764  - 29/09/2026, 12:01:49 p. m.     LOG [RouterExplorer] Mapped {/api/v1/properties/:propertyId/rooms, GET} route +0ms
[Nest] 9764  - 29/09/2026, 12:01:49 p. m.     LOG [RouterExplorer] Mapped {/api/v1/properties/:propertyId/rooms/:uuid, GET} route +0ms
[Nest] 9764  - 29/09/2026, 12:01:49 p. m.     LOG [RouterExplorer] Mapped {/api/v1/properties/:propertyId/rooms/:uuid, PATCH} route +0ms
[Nest] 9764  - 29/09/2026, 12:01:49 p. m.     LOG [RouterExplorer] Mapped {/api/v1/properties/:propertyId/rooms/:uuid, DELETE} route +0ms
[Nest] 9764  - 29/09/2026, 12:01:49 p. m.     LOG [RoutesResolver] RolesController {/api/v1/properties/:propertyId/roles}: +0ms
[Nest] 9764  - 29/09/2026, 12:01:49 p. m.     LOG [RouterExplorer] Mapped {/api/v1/properties/:propertyId/roles, POST} route +0ms
[Nest] 9764  - 29/09/2026, 12:01:49 p. m.     LOG [RouterExplorer] Mapped {/api/v1/properties/:propertyId/roles, GET} route +0ms
[Nest] 9764  - 29/09/2026, 12:01:49 p. m.     LOG [RouterExplorer] Mapped {/api/v1/properties/:propertyId/roles/:uuid, GET} route +0ms
[Nest] 9764  - 29/09/2026, 12:01:49 p. m.     LOG [RouterExplorer] Mapped {/api/v1/properties/:propertyId/roles/:uuid/permissions, GET} route +0ms
[Nest] 9764  - 29/09/2026, 12:01:49 p. m.     LOG [RouterExplorer] Mapped {/api/v1/properties/:propertyId/roles/:uuid, PATCH} route +0ms
[Nest] 9764  - 29/09/2026, 12:01:49 p. m.     LOG [RouterExplorer] Mapped {/api/v1/properties/:propertyId/roles/:uuid, DELETE} route +1ms
[Nest] 9764  - 29/09/2026, 12:01:49 p. m.     LOG [RoutesResolver] PermissionGroupsController {/api/v1/permission-groups}: +0ms
[Nest] 9764  - 29/09/2026, 12:01:49 p. m.     LOG [RouterExplorer] Mapped {/api/v1/permission-groups, POST} route +0ms
[Nest] 9764  - 29/09/2026, 12:01:49 p. m.     LOG [RouterExplorer] Mapped {/api/v1/permission-groups, GET} route +0ms
[Nest] 9764  - 29/09/2026, 12:01:49 p. m.     LOG [RouterExplorer] Mapped {/api/v1/permission-groups/:uuid, GET} route +0ms
[Nest] 9764  - 29/09/2026, 12:01:49 p. m.     LOG [RouterExplorer] Mapped {/api/v1/permission-groups/:uuid, PATCH} route +0ms
[Nest] 9764  - 29/09/2026, 12:01:49 p. m.     LOG [RouterExplorer] Mapped {/api/v1/permission-groups/:uuid, DELETE} route +0ms
[Nest] 9764  - 29/09/2026, 12:01:49 p. m.     LOG [RoutesResolver] PermissionsController {/api/v1/permissions}: +0ms
[Nest] 9764  - 29/09/2026, 12:01:49 p. m.     LOG [RouterExplorer] Mapped {/api/v1/permissions, POST} route +0ms
[Nest] 9764  - 29/09/2026, 12:01:49 p. m.     LOG [RouterExplorer] Mapped {/api/v1/permissions, GET} route +0ms
[Nest] 9764  - 29/09/2026, 12:01:49 p. m.     LOG [RouterExplorer] Mapped {/api/v1/permissions/by-group/:permissionGroupId, GET} route +0ms
[Nest] 9764  - 29/09/2026, 12:01:49 p. m.     LOG [RouterExplorer] Mapped {/api/v1/permissions/:uuid, GET} route +0ms
[Nest] 9764  - 29/09/2026, 12:01:49 p. m.     LOG [RouterExplorer] Mapped {/api/v1/permissions/:uuid, PATCH} route +0ms
[Nest] 9764  - 29/09/2026, 12:01:49 p. m.     LOG [RouterExplorer] Mapped {/api/v1/permissions/:uuid, DELETE} route +0ms
[Nest] 9764  - 29/09/2026, 12:01:49 p. m.     LOG [RoutesResolver] EmployeesController {/api/v1/properties/:propertyId/employees}: +1ms
[Nest] 9764  - 29/09/2026, 12:01:49 p. m.     LOG [RouterExplorer] Mapped {/api/v1/properties/:propertyId/employees, POST} route +0ms
[Nest] 9764  - 29/09/2026, 12:01:49 p. m.     LOG [RouterExplorer] Mapped {/api/v1/properties/:propertyId/employees, GET} route +0ms
[Nest] 9764  - 29/09/2026, 12:01:49 p. m.     LOG [RouterExplorer] Mapped {/api/v1/properties/:propertyId/employees/:uuid, GET} route +0ms
[Nest] 9764  - 29/09/2026, 12:01:49 p. m.     LOG [RouterExplorer] Mapped {/api/v1/properties/:propertyId/employees/:uuid, PATCH} route +0ms
[Nest] 9764  - 29/09/2026, 12:01:49 p. m.     LOG [RouterExplorer] Mapped {/api/v1/properties/:propertyId/employees/:uuid, DELETE} route +0ms
[Nest] 9764  - 29/09/2026, 12:01:49 p. m.     LOG [RoutesResolver] GuestsController {/api/v1/properties/:propertyId/guests}: +0ms
[Nest] 9764  - 29/09/2026, 12:01:49 p. m.     LOG [RouterExplorer] Mapped {/api/v1/properties/:propertyId/guests, POST} route +0ms
[Nest] 9764  - 29/09/2026, 12:01:49 p. m.     LOG [RouterExplorer] Mapped {/api/v1/properties/:propertyId/guests, GET} route +0ms
[Nest] 9764  - 29/09/2026, 12:01:49 p. m.     LOG [RouterExplorer] Mapped {/api/v1/properties/:propertyId/guests/:uuid, GET} route +0ms
[Nest] 9764  - 29/09/2026, 12:01:49 p. m.     LOG [RouterExplorer] Mapped {/api/v1/properties/:propertyId/guests/:uuid, PATCH} route +0ms
[Nest] 9764  - 29/09/2026, 12:01:49 p. m.     LOG [RouterExplorer] Mapped {/api/v1/properties/:propertyId/guests/:uuid, DELETE} route +1ms
[Nest] 9764  - 29/09/2026, 12:01:49 p. m.     LOG [RoutesResolver] CompaniesController {/api/v1/properties/:propertyId/companies}: +0ms
[Nest] 9764  - 29/09/2026, 12:01:49 p. m.     LOG [RouterExplorer] Mapped {/api/v1/properties/:propertyId/companies, POST} route +0ms
[Nest] 9764  - 29/09/2026, 12:01:49 p. m.     LOG [RouterExplorer] Mapped {/api/v1/properties/:propertyId/companies, GET} route +0ms
[Nest] 9764  - 29/09/2026, 12:01:49 p. m.     LOG [RouterExplorer] Mapped {/api/v1/properties/:propertyId/companies/:uuid, GET} route +0ms
[Nest] 9764  - 29/09/2026, 12:01:49 p. m.     LOG [RouterExplorer] Mapped {/api/v1/properties/:propertyId/companies/:uuid, PATCH} route +0ms
[Nest] 9764  - 29/09/2026, 12:01:49 p. m.     LOG [RouterExplorer] Mapped {/api/v1/properties/:propertyId/companies/:uuid, DELETE} route +0ms
[Nest] 9764  - 29/09/2026, 12:01:49 p. m.     LOG [RoutesResolver] RatesController {/api/v1/properties/:propertyId/rates}: +0ms
[Nest] 9764  - 29/09/2026, 12:01:49 p. m.     LOG [RouterExplorer] Mapped {/api/v1/properties/:propertyId/rates, POST} route +0ms
[Nest] 9764  - 29/09/2026, 12:01:49 p. m.     LOG [RouterExplorer] Mapped {/api/v1/properties/:propertyId/rates, GET} route +0ms
[Nest] 9764  - 29/09/2026, 12:01:49 p. m.     LOG [RouterExplorer] Mapped {/api/v1/properties/:propertyId/rates/:uuid, GET} route +1ms
[Nest] 9764  - 29/09/2026, 12:01:49 p. m.     LOG [RouterExplorer] Mapped {/api/v1/properties/:propertyId/rates/:uuid, PATCH} route +0ms
[Nest] 9764  - 29/09/2026, 12:01:49 p. m.     LOG [RouterExplorer] Mapped {/api/v1/properties/:propertyId/rates/:uuid, DELETE} route +0ms
[Nest] 9764  - 29/09/2026, 12:01:49 p. m.     LOG [RoutesResolver] ReservationsController {/api/v1/properties/:propertyId/reservations}: +0ms
[Nest] 9764  - 29/09/2026, 12:01:49 p. m.     LOG [RouterExplorer] Mapped {/api/v1/properties/:propertyId/reservations, POST} route +0ms
[Nest] 9764  - 29/09/2026, 12:01:49 p. m.     LOG [RouterExplorer] Mapped {/api/v1/properties/:propertyId/reservations, GET} route +0ms
[Nest] 9764  - 29/09/2026, 12:01:49 p. m.     LOG [RouterExplorer] Mapped {/api/v1/properties/:propertyId/reservations/:uuid, GET} route +1ms
[Nest] 9764  - 29/09/2026, 12:01:49 p. m.     LOG [RouterExplorer] Mapped {/api/v1/properties/:propertyId/reservations/:uuid, PATCH} route +0ms
[Nest] 9764  - 29/09/2026, 12:01:49 p. m.     LOG [RouterExplorer] Mapped {/api/v1/properties/:propertyId/reservations/:uuid/cancel, POST} route +0ms
[Nest] 9764  - 29/09/2026, 12:01:49 p. m.     LOG [RoutesResolver] ReservationRoomsController {/api/v1/properties/:propertyId/reservations/:reservationUuid/rooms}: +0ms
[Nest] 9764  - 29/09/2026, 12:01:49 p. m.     LOG [RouterExplorer] Mapped {/api/v1/properties/:propertyId/reservations/:reservationUuid/rooms, GET} route +1ms
[Nest] 9764  - 29/09/2026, 12:01:49 p. m.     LOG [RouterExplorer] Mapped {/api/v1/properties/:propertyId/reservations/:reservationUuid/rooms/:uuid, GET} route +0ms
[Nest] 9764  - 29/09/2026, 12:01:49 p. m.     LOG [RouterExplorer] Mapped {/api/v1/properties/:propertyId/reservations/:reservationUuid/rooms, POST} route +0ms
[Nest] 9764  - 29/09/2026, 12:01:49 p. m.     LOG [RouterExplorer] Mapped {/api/v1/properties/:propertyId/reservations/:reservationUuid/rooms/:uuid, PATCH} route +0ms
[Nest] 9764  - 29/09/2026, 12:01:49 p. m.     LOG [RouterExplorer] Mapped {/api/v1/properties/:propertyId/reservations/:reservationUuid/rooms/:uuid, DELETE} route +0ms
[Nest] 9764  - 29/09/2026, 12:01:49 p. m.     LOG [RouterExplorer] Mapped {/api/v1/properties/:propertyId/reservations/:reservationUuid/rooms/:uuid/check-in, POST} route +0ms
[Nest] 9764  - 29/09/2026, 12:01:49 p. m.     LOG [RouterExplorer] Mapped {/api/v1/properties/:propertyId/reservations/:reservationUuid/rooms/:uuid/check-out, POST} route +1ms
[Nest] 9764  - 29/09/2026, 12:01:49 p. m.     LOG [RoutesResolver] ReservationGuestsController {/api/v1/properties/:propertyId/reservation-rooms/:reservationRoomUuid/guests}: +0ms
[Nest] 9764  - 29/09/2026, 12:01:49 p. m.     LOG [RouterExplorer] Mapped {/api/v1/properties/:propertyId/reservation-rooms/:reservationRoomUuid/guests, GET} route +0ms
[Nest] 9764  - 29/09/2026, 12:01:49 p. m.     LOG [RouterExplorer] Mapped {/api/v1/properties/:propertyId/reservation-rooms/:reservationRoomUuid/guests, POST} route +0ms
[Nest] 9764  - 29/09/2026, 12:01:49 p. m.     LOG [RouterExplorer] Mapped {/api/v1/properties/:propertyId/reservation-rooms/:reservationRoomUuid/guests/:id, PATCH} route +0ms
[Nest] 9764  - 29/09/2026, 12:01:49 p. m.     LOG [RouterExplorer] Mapped {/api/v1/properties/:propertyId/reservation-rooms/:reservationRoomUuid/guests/:id, DELETE} route +0ms
[Nest] 9764  - 29/09/2026, 12:01:49 p. m.     LOG [RoutesResolver] PaymentsController {/api/v1/properties/:propertyId}: +0ms
[Nest] 9764  - 29/09/2026, 12:01:49 p. m.     LOG [RouterExplorer] Mapped {/api/v1/properties/:propertyId/payments, GET} route +1ms
[Nest] 9764  - 29/09/2026, 12:01:49 p. m.     LOG [RouterExplorer] Mapped {/api/v1/properties/:propertyId/payments/:uuid, GET} route +0ms
[Nest] 9764  - 29/09/2026, 12:01:49 p. m.     LOG [RouterExplorer] Mapped {/api/v1/properties/:propertyId/reservations/:reservationUuid/payments, GET} route +0ms
[Nest] 9764  - 29/09/2026, 12:01:49 p. m.     LOG [RouterExplorer] Mapped {/api/v1/properties/:propertyId/reservations/:reservationUuid/payments, POST} route +0ms
[Nest] 9764  - 29/09/2026, 12:01:49 p. m.     LOG [RoutesResolver] AvailabilityController {/api/v1/properties/:propertyId/availability}: +0ms
[Nest] 9764  - 29/09/2026, 12:01:49 p. m.     LOG [RouterExplorer] Mapped {/api/v1/properties/:propertyId/availability, GET} route +0ms
[Nest] 9764  - 29/09/2026, 12:01:49 p. m.     LOG [RoutesResolver] FrontDeskController {/api/v1/properties/:propertyId/front-desk}: +0ms
[Nest] 9764  - 29/09/2026, 12:01:49 p. m.     LOG [RouterExplorer] Mapped {/api/v1/properties/:propertyId/front-desk, GET} route +0ms
[Nest] 9764  - 29/09/2026, 12:01:49 p. m.     LOG [RouterExplorer] Mapped {/api/v1/properties/:propertyId/front-desk/walk-in, POST} route +0ms
[Nest] 9764  - 29/09/2026, 12:01:49 p. m.     LOG [RoutesResolver] PlanningController {/api/v1/properties/:propertyId/planning}: +0ms
[Nest] 9764  - 29/09/2026, 12:01:49 p. m.     LOG [RouterExplorer] Mapped {/api/v1/properties/:propertyId/planning, GET} route +1ms
[Nest] 9764  - 29/09/2026, 12:01:49 p. m.     LOG [NestApplication] Nest application successfully started +38ms
Swagger: http://localhost:3000/docs/
[2J[3J[H[[90m12:02:00 p. m.[0m] File change detected. Starting incremental compilation...

[[90m12:02:02 p. m.[0m] Found 0 errors. Watching for file changes.

[2J[3J[H[[90m12:02:02 p. m.[0m] File change detected. Starting incremental compilation...

[[90m12:02:03 p. m.[0m] Found 0 errors. Watching for file changes.

[2J[3J[H[[90m12:02:03 p. m.[0m] File change detected. Starting incremental compilation...

[[90m12:02:04 p. m.[0m] Found 0 errors. Watching for file changes.

[Nest] 14128  - 29/09/2026, 12:02:05 p. m.     LOG [NestFactory] Starting Nest application...
[Nest] 14128  - 29/09/2026, 12:02:05 p. m.     LOG [InstanceLoader] AppModule dependencies initialized +19ms
[Nest] 14128  - 29/09/2026, 12:02:05 p. m.     LOG [InstanceLoader] PrismaModule dependencies initialized +0ms
[Nest] 14128  - 29/09/2026, 12:02:05 p. m.     LOG [InstanceLoader] JwtModule dependencies initialized +10ms
[Nest] 14128  - 29/09/2026, 12:02:05 p. m.     LOG [InstanceLoader] DepartmentsModule dependencies initialized +2ms
[Nest] 14128  - 29/09/2026, 12:02:05 p. m.     LOG [InstanceLoader] PermissionGroupsModule dependencies initialized +0ms
[Nest] 14128  - 29/09/2026, 12:02:05 p. m.     LOG [InstanceLoader] ProvincesModule dependencies initialized +0ms
[Nest] 14128  - 29/09/2026, 12:02:05 p. m.     LOG [InstanceLoader] DistrictsModule dependencies initialized +0ms
[Nest] 14128  - 29/09/2026, 12:02:05 p. m.     LOG [InstanceLoader] PropertiesModule dependencies initialized +0ms
[Nest] 14128  - 29/09/2026, 12:02:05 p. m.     LOG [InstanceLoader] FloorsModule dependencies initialized +1ms
[Nest] 14128  - 29/09/2026, 12:02:05 p. m.     LOG [InstanceLoader] RoomTypesModule dependencies initialized +0ms
[Nest] 14128  - 29/09/2026, 12:02:05 p. m.     LOG [InstanceLoader] RoomsModule dependencies initialized +0ms
[Nest] 14128  - 29/09/2026, 12:02:05 p. m.     LOG [InstanceLoader] RolesModule dependencies initialized +0ms
[Nest] 14128  - 29/09/2026, 12:02:05 p. m.     LOG [InstanceLoader] PermissionsModule dependencies initialized +0ms
[Nest] 14128  - 29/09/2026, 12:02:05 p. m.     LOG [InstanceLoader] EmployeesModule dependencies initialized +0ms
[Nest] 14128  - 29/09/2026, 12:02:05 p. m.     LOG [InstanceLoader] GuestsModule dependencies initialized +0ms
[Nest] 14128  - 29/09/2026, 12:02:05 p. m.     LOG [InstanceLoader] CompaniesModule dependencies initialized +0ms
[Nest] 14128  - 29/09/2026, 12:02:05 p. m.     LOG [InstanceLoader] RatesModule dependencies initialized +0ms
[Nest] 14128  - 29/09/2026, 12:02:05 p. m.     LOG [InstanceLoader] AuthModule dependencies initialized +0ms
[Nest] 14128  - 29/09/2026, 12:02:05 p. m.     LOG [InstanceLoader] ReservationsModule dependencies initialized +0ms
[Nest] 14128  - 29/09/2026, 12:02:05 p. m.     LOG [RoutesResolver] AuthController {/api/v1/auth}: +106ms
[Nest] 14128  - 29/09/2026, 12:02:05 p. m.     LOG [RouterExplorer] Mapped {/api/v1/auth/login, POST} route +4ms
[Nest] 14128  - 29/09/2026, 12:02:05 p. m.     LOG [RouterExplorer] Mapped {/api/v1/auth/google, POST} route +1ms
[Nest] 14128  - 29/09/2026, 12:02:05 p. m.     LOG [RouterExplorer] Mapped {/api/v1/auth/google, GET} route +0ms
[Nest] 14128  - 29/09/2026, 12:02:05 p. m.     LOG [RouterExplorer] Mapped {/api/v1/auth/google/callback, GET} route +0ms
[Nest] 14128  - 29/09/2026, 12:02:05 p. m.     LOG [RouterExplorer] Mapped {/api/v1/auth/me, GET} route +1ms
[Nest] 14128  - 29/09/2026, 12:02:05 p. m.     LOG [RouterExplorer] Mapped {/api/v1/auth/logout, POST} route +0ms
[Nest] 14128  - 29/09/2026, 12:02:05 p. m.     LOG [RouterExplorer] Mapped {/api/v1/auth/google/logout, POST} route +0ms
[Nest] 14128  - 29/09/2026, 12:02:05 p. m.     LOG [RoutesResolver] MaterioLoginController {/api/v1}: +0ms
[Nest] 14128  - 29/09/2026, 12:02:05 p. m.     LOG [RouterExplorer] Mapped {/api/v1/login, POST} route +1ms
[Nest] 14128  - 29/09/2026, 12:02:05 p. m.     LOG [RoutesResolver] DepartmentsController {/api/v1/departments}: +0ms
[Nest] 14128  - 29/09/2026, 12:02:05 p. m.     LOG [RouterExplorer] Mapped {/api/v1/departments, POST} route +0ms
[Nest] 14128  - 29/09/2026, 12:02:05 p. m.     LOG [RouterExplorer] Mapped {/api/v1/departments, GET} route +1ms
[Nest] 14128  - 29/09/2026, 12:02:05 p. m.     LOG [RouterExplorer] Mapped {/api/v1/departments/:uuid, GET} route +0ms
[Nest] 14128  - 29/09/2026, 12:02:05 p. m.     LOG [RouterExplorer] Mapped {/api/v1/departments/:uuid, PATCH} route +0ms
[Nest] 14128  - 29/09/2026, 12:02:05 p. m.     LOG [RouterExplorer] Mapped {/api/v1/departments/:uuid, DELETE} route +1ms
[Nest] 14128  - 29/09/2026, 12:02:05 p. m.     LOG [RoutesResolver] ProvincesController {/api/v1/provinces}: +0ms
[Nest] 14128  - 29/09/2026, 12:02:05 p. m.     LOG [RouterExplorer] Mapped {/api/v1/provinces, POST} route +0ms
[Nest] 14128  - 29/09/2026, 12:02:05 p. m.     LOG [RouterExplorer] Mapped {/api/v1/provinces, GET} route +0ms
[Nest] 14128  - 29/09/2026, 12:02:05 p. m.     LOG [RouterExplorer] Mapped {/api/v1/provinces/by-department/:departmentId, GET} route +0ms
[Nest] 14128  - 29/09/2026, 12:02:05 p. m.     LOG [RouterExplorer] Mapped {/api/v1/provinces/:uuid, GET} route +0ms
[Nest] 14128  - 29/09/2026, 12:02:05 p. m.     LOG [RouterExplorer] Mapped {/api/v1/provinces/:uuid, PATCH} route +0ms
[Nest] 14128  - 29/09/2026, 12:02:06 p. m.     LOG [RouterExplorer] Mapped {/api/v1/provinces/:uuid, DELETE} route +1ms
[Nest] 14128  - 29/09/2026, 12:02:06 p. m.     LOG [RoutesResolver] DistrictsController {/api/v1/districts}: +0ms
[Nest] 14128  - 29/09/2026, 12:02:06 p. m.     LOG [RouterExplorer] Mapped {/api/v1/districts, POST} route +0ms
[Nest] 14128  - 29/09/2026, 12:02:06 p. m.     LOG [RouterExplorer] Mapped {/api/v1/districts, GET} route +0ms
[Nest] 14128  - 29/09/2026, 12:02:06 p. m.     LOG [RouterExplorer] Mapped {/api/v1/districts/by-province/:provinceId, GET} route +0ms
[Nest] 14128  - 29/09/2026, 12:02:06 p. m.     LOG [RouterExplorer] Mapped {/api/v1/districts/:uuid, GET} route +0ms
[Nest] 14128  - 29/09/2026, 12:02:06 p. m.     LOG [RouterExplorer] Mapped {/api/v1/districts/:uuid, PATCH} route +0ms
[Nest] 14128  - 29/09/2026, 12:02:06 p. m.     LOG [RouterExplorer] Mapped {/api/v1/districts/:uuid, DELETE} route +0ms
[Nest] 14128  - 29/09/2026, 12:02:06 p. m.     LOG [RoutesResolver] PropertiesController {/api/v1/properties}: +0ms
[Nest] 14128  - 29/09/2026, 12:02:06 p. m.     LOG [RouterExplorer] Mapped {/api/v1/properties, POST} route +0ms
[Nest] 14128  - 29/09/2026, 12:02:06 p. m.     LOG [RouterExplorer] Mapped {/api/v1/properties, GET} route +1ms
[Nest] 14128  - 29/09/2026, 12:02:06 p. m.     LOG [RouterExplorer] Mapped {/api/v1/properties/:uuid, GET} route +0ms
[Nest] 14128  - 29/09/2026, 12:02:06 p. m.     LOG [RouterExplorer] Mapped {/api/v1/properties/:uuid, PATCH} route +0ms
[Nest] 14128  - 29/09/2026, 12:02:06 p. m.     LOG [RouterExplorer] Mapped {/api/v1/properties/:uuid, DELETE} route +0ms
[Nest] 14128  - 29/09/2026, 12:02:06 p. m.     LOG [RoutesResolver] PropertySettingsController {/api/v1/properties/:propertyId/settings}: +0ms
[Nest] 14128  - 29/09/2026, 12:02:06 p. m.     LOG [RouterExplorer] Mapped {/api/v1/properties/:propertyId/settings, GET} route +0ms
[Nest] 14128  - 29/09/2026, 12:02:06 p. m.     LOG [RouterExplorer] Mapped {/api/v1/properties/:propertyId/settings, PATCH} route +0ms
[Nest] 14128  - 29/09/2026, 12:02:06 p. m.     LOG [RoutesResolver] FloorsController {/api/v1/properties/:propertyId/floors}: +0ms
[Nest] 14128  - 29/09/2026, 12:02:06 p. m.     LOG [RouterExplorer] Mapped {/api/v1/properties/:propertyId/floors, POST} route +0ms
[Nest] 14128  - 29/09/2026, 12:02:06 p. m.     LOG [RouterExplorer] Mapped {/api/v1/properties/:propertyId/floors, GET} route +0ms
[Nest] 14128  - 29/09/2026, 12:02:06 p. m.     LOG [RouterExplorer] Mapped {/api/v1/properties/:propertyId/floors/:uuid, GET} route +0ms
[Nest] 14128  - 29/09/2026, 12:02:06 p. m.     LOG [RouterExplorer] Mapped {/api/v1/properties/:propertyId/floors/:uuid, PATCH} route +1ms
[Nest] 14128  - 29/09/2026, 12:02:06 p. m.     LOG [RouterExplorer] Mapped {/api/v1/properties/:propertyId/floors/:uuid, DELETE} route +0ms
[Nest] 14128  - 29/09/2026, 12:02:06 p. m.     LOG [RoutesResolver] RoomTypesController {/api/v1/properties/:propertyId/room-types}: +0ms
[Nest] 14128  - 29/09/2026, 12:02:06 p. m.     LOG [RouterExplorer] Mapped {/api/v1/properties/:propertyId/room-types, POST} route +0ms
[Nest] 14128  - 29/09/2026, 12:02:06 p. m.     LOG [RouterExplorer] Mapped {/api/v1/properties/:propertyId/room-types, GET} route +0ms
[Nest] 14128  - 29/09/2026, 12:02:06 p. m.     LOG [RouterExplorer] Mapped {/api/v1/properties/:propertyId/room-types/:uuid, GET} route +0ms
[Nest] 14128  - 29/09/2026, 12:02:06 p. m.     LOG [RouterExplorer] Mapped {/api/v1/properties/:propertyId/room-types/:uuid, PATCH} route +0ms
[Nest] 14128  - 29/09/2026, 12:02:06 p. m.     LOG [RouterExplorer] Mapped {/api/v1/properties/:propertyId/room-types/:uuid, DELETE} route +0ms
[Nest] 14128  - 29/09/2026, 12:02:06 p. m.     LOG [RoutesResolver] RoomsController {/api/v1/properties/:propertyId/rooms}: +0ms
[Nest] 14128  - 29/09/2026, 12:02:06 p. m.     LOG [RouterExplorer] Mapped {/api/v1/properties/:propertyId/rooms, POST} route +0ms
[Nest] 14128  - 29/09/2026, 12:02:06 p. m.     LOG [RouterExplorer] Mapped {/api/v1/properties/:propertyId/rooms, GET} route +1ms
[Nest] 14128  - 29/09/2026, 12:02:06 p. m.     LOG [RouterExplorer] Mapped {/api/v1/properties/:propertyId/rooms/:uuid, GET} route +0ms
[Nest] 14128  - 29/09/2026, 12:02:06 p. m.     LOG [RouterExplorer] Mapped {/api/v1/properties/:propertyId/rooms/:uuid, PATCH} route +0ms
[Nest] 14128  - 29/09/2026, 12:02:06 p. m.     LOG [RouterExplorer] Mapped {/api/v1/properties/:propertyId/rooms/:uuid, DELETE} route +0ms
[Nest] 14128  - 29/09/2026, 12:02:06 p. m.     LOG [RoutesResolver] RolesController {/api/v1/properties/:propertyId/roles}: +0ms
[Nest] 14128  - 29/09/2026, 12:02:06 p. m.     LOG [RouterExplorer] Mapped {/api/v1/properties/:propertyId/roles, POST} route +0ms
[Nest] 14128  - 29/09/2026, 12:02:06 p. m.     LOG [RouterExplorer] Mapped {/api/v1/properties/:propertyId/roles, GET} route +0ms
[Nest] 14128  - 29/09/2026, 12:02:06 p. m.     LOG [RouterExplorer] Mapped {/api/v1/properties/:propertyId/roles/:uuid, GET} route +0ms
[Nest] 14128  - 29/09/2026, 12:02:06 p. m.     LOG [RouterExplorer] Mapped {/api/v1/properties/:propertyId/roles/:uuid/permissions, GET} route +0ms
[Nest] 14128  - 29/09/2026, 12:02:06 p. m.     LOG [RouterExplorer] Mapped {/api/v1/properties/:propertyId/roles/:uuid, PATCH} route +0ms
[Nest] 14128  - 29/09/2026, 12:02:06 p. m.     LOG [RouterExplorer] Mapped {/api/v1/properties/:propertyId/roles/:uuid, DELETE} route +0ms
[Nest] 14128  - 29/09/2026, 12:02:06 p. m.     LOG [RoutesResolver] PermissionGroupsController {/api/v1/permission-groups}: +1ms
[Nest] 14128  - 29/09/2026, 12:02:06 p. m.     LOG [RouterExplorer] Mapped {/api/v1/permission-groups, POST} route +0ms
[Nest] 14128  - 29/09/2026, 12:02:06 p. m.     LOG [RouterExplorer] Mapped {/api/v1/permission-groups, GET} route +0ms
[Nest] 14128  - 29/09/2026, 12:02:06 p. m.     LOG [RouterExplorer] Mapped {/api/v1/permission-groups/:uuid, GET} route +0ms
[Nest] 14128  - 29/09/2026, 12:02:06 p. m.     LOG [RouterExplorer] Mapped {/api/v1/permission-groups/:uuid, PATCH} route +0ms
[Nest] 14128  - 29/09/2026, 12:02:06 p. m.     LOG [RouterExplorer] Mapped {/api/v1/permission-groups/:uuid, DELETE} route +0ms
[Nest] 14128  - 29/09/2026, 12:02:06 p. m.     LOG [RoutesResolver] PermissionsController {/api/v1/permissions}: +0ms
[Nest] 14128  - 29/09/2026, 12:02:06 p. m.     LOG [RouterExplorer] Mapped {/api/v1/permissions, POST} route +0ms
[Nest] 14128  - 29/09/2026, 12:02:06 p. m.     LOG [RouterExplorer] Mapped {/api/v1/permissions, GET} route +0ms
[Nest] 14128  - 29/09/2026, 12:02:06 p. m.     LOG [RouterExplorer] Mapped {/api/v1/permissions/by-group/:permissionGroupId, GET} route +0ms
[Nest] 14128  - 29/09/2026, 12:02:06 p. m.     LOG [RouterExplorer] Mapped {/api/v1/permissions/:uuid, GET} route +0ms
[Nest] 14128  - 29/09/2026, 12:02:06 p. m.     LOG [RouterExplorer] Mapped {/api/v1/permissions/:uuid, PATCH} route +0ms
[Nest] 14128  - 29/09/2026, 12:02:06 p. m.     LOG [RouterExplorer] Mapped {/api/v1/permissions/:uuid, DELETE} route +0ms
[Nest] 14128  - 29/09/2026, 12:02:06 p. m.     LOG [RoutesResolver] EmployeesController {/api/v1/properties/:propertyId/employees}: +1ms
[Nest] 14128  - 29/09/2026, 12:02:06 p. m.     LOG [RouterExplorer] Mapped {/api/v1/properties/:propertyId/employees, POST} route +0ms
[Nest] 14128  - 29/09/2026, 12:02:06 p. m.     LOG [RouterExplorer] Mapped {/api/v1/properties/:propertyId/employees, GET} route +0ms
[Nest] 14128  - 29/09/2026, 12:02:06 p. m.     LOG [RouterExplorer] Mapped {/api/v1/properties/:propertyId/employees/:uuid, GET} route +0ms
[Nest] 14128  - 29/09/2026, 12:02:06 p. m.     LOG [RouterExplorer] Mapped {/api/v1/properties/:propertyId/employees/:uuid, PATCH} route +0ms
[Nest] 14128  - 29/09/2026, 12:02:06 p. m.     LOG [RouterExplorer] Mapped {/api/v1/properties/:propertyId/employees/:uuid, DELETE} route +0ms
[Nest] 14128  - 29/09/2026, 12:02:06 p. m.     LOG [RoutesResolver] GuestsController {/api/v1/properties/:propertyId/guests}: +0ms
[Nest] 14128  - 29/09/2026, 12:02:06 p. m.     LOG [RouterExplorer] Mapped {/api/v1/properties/:propertyId/guests, POST} route +0ms
[Nest] 14128  - 29/09/2026, 12:02:06 p. m.     LOG [RouterExplorer] Mapped {/api/v1/properties/:propertyId/guests, GET} route +1ms
[Nest] 14128  - 29/09/2026, 12:02:06 p. m.     LOG [RouterExplorer] Mapped {/api/v1/properties/:propertyId/guests/:uuid, GET} route +0ms
[Nest] 14128  - 29/09/2026, 12:02:06 p. m.     LOG [RouterExplorer] Mapped {/api/v1/properties/:propertyId/guests/:uuid, PATCH} route +0ms
[Nest] 14128  - 29/09/2026, 12:02:06 p. m.     LOG [RouterExplorer] Mapped {/api/v1/properties/:propertyId/guests/:uuid, DELETE} route +0ms
[Nest] 14128  - 29/09/2026, 12:02:06 p. m.     LOG [RoutesResolver] CompaniesController {/api/v1/properties/:propertyId/companies}: +0ms
[Nest] 14128  - 29/09/2026, 12:02:06 p. m.     LOG [RouterExplorer] Mapped {/api/v1/properties/:propertyId/companies, POST} route +0ms
[Nest] 14128  - 29/09/2026, 12:02:06 p. m.     LOG [RouterExplorer] Mapped {/api/v1/properties/:propertyId/companies, GET} route +0ms
[Nest] 14128  - 29/09/2026, 12:02:06 p. m.     LOG [RouterExplorer] Mapped {/api/v1/properties/:propertyId/companies/:uuid, GET} route +0ms
[Nest] 14128  - 29/09/2026, 12:02:06 p. m.     LOG [RouterExplorer] Mapped {/api/v1/properties/:propertyId/companies/:uuid, PATCH} route +0ms
[Nest] 14128  - 29/09/2026, 12:02:06 p. m.     LOG [RouterExplorer] Mapped {/api/v1/properties/:propertyId/companies/:uuid, DELETE} route +0ms
[Nest] 14128  - 29/09/2026, 12:02:06 p. m.     LOG [RoutesResolver] RatesController {/api/v1/properties/:propertyId/rates}: +0ms
[Nest] 14128  - 29/09/2026, 12:02:06 p. m.     LOG [RouterExplorer] Mapped {/api/v1/properties/:propertyId/rates, POST} route +0ms
[Nest] 14128  - 29/09/2026, 12:02:06 p. m.     LOG [RouterExplorer] Mapped {/api/v1/properties/:propertyId/rates, GET} route +1ms
[Nest] 14128  - 29/09/2026, 12:02:06 p. m.     LOG [RouterExplorer] Mapped {/api/v1/properties/:propertyId/rates/:uuid, GET} route +0ms
[Nest] 14128  - 29/09/2026, 12:02:06 p. m.     LOG [RouterExplorer] Mapped {/api/v1/properties/:propertyId/rates/:uuid, PATCH} route +0ms
[Nest] 14128  - 29/09/2026, 12:02:06 p. m.     LOG [RouterExplorer] Mapped {/api/v1/properties/:propertyId/rates/:uuid, DELETE} route +0ms
[Nest] 14128  - 29/09/2026, 12:02:06 p. m.     LOG [RoutesResolver] ReservationsController {/api/v1/properties/:propertyId/reservations}: +0ms
[Nest] 14128  - 29/09/2026, 12:02:06 p. m.     LOG [RouterExplorer] Mapped {/api/v1/properties/:propertyId/reservations, POST} route +0ms
[Nest] 14128  - 29/09/2026, 12:02:06 p. m.     LOG [RouterExplorer] Mapped {/api/v1/properties/:propertyId/reservations, GET} route +0ms
[Nest] 14128  - 29/09/2026, 12:02:06 p. m.     LOG [RouterExplorer] Mapped {/api/v1/properties/:propertyId/reservations/:uuid, GET} route +0ms
[Nest] 14128  - 29/09/2026, 12:02:06 p. m.     LOG [RouterExplorer] Mapped {/api/v1/properties/:propertyId/reservations/:uuid, PATCH} route +0ms
[Nest] 14128  - 29/09/2026, 12:02:06 p. m.     LOG [RouterExplorer] Mapped {/api/v1/properties/:propertyId/reservations/:uuid/cancel, POST} route +0ms
[Nest] 14128  - 29/09/2026, 12:02:06 p. m.     LOG [RoutesResolver] ReservationRoomsController {/api/v1/properties/:propertyId/reservations/:reservationUuid/rooms}: +0ms
[Nest] 14128  - 29/09/2026, 12:02:06 p. m.     LOG [RouterExplorer] Mapped {/api/v1/properties/:propertyId/reservations/:reservationUuid/rooms, GET} route +0ms
[Nest] 14128  - 29/09/2026, 12:02:06 p. m.     LOG [RouterExplorer] Mapped {/api/v1/properties/:propertyId/reservations/:reservationUuid/rooms/:uuid, GET} route +1ms
[Nest] 14128  - 29/09/2026, 12:02:06 p. m.     LOG [RouterExplorer] Mapped {/api/v1/properties/:propertyId/reservations/:reservationUuid/rooms, POST} route +0ms
[Nest] 14128  - 29/09/2026, 12:02:06 p. m.     LOG [RouterExplorer] Mapped {/api/v1/properties/:propertyId/reservations/:reservationUuid/rooms/:uuid, PATCH} route +0ms
[Nest] 14128  - 29/09/2026, 12:02:06 p. m.     LOG [RouterExplorer] Mapped {/api/v1/properties/:propertyId/reservations/:reservationUuid/rooms/:uuid, DELETE} route +0ms
[Nest] 14128  - 29/09/2026, 12:02:06 p. m.     LOG [RouterExplorer] Mapped {/api/v1/properties/:propertyId/reservations/:reservationUuid/rooms/:uuid/check-in, POST} route +0ms
[Nest] 14128  - 29/09/2026, 12:02:06 p. m.     LOG [RouterExplorer] Mapped {/api/v1/properties/:propertyId/reservations/:reservationUuid/rooms/:uuid/check-out, POST} route +0ms
[Nest] 14128  - 29/09/2026, 12:02:06 p. m.     LOG [RoutesResolver] ReservationGuestsController {/api/v1/properties/:propertyId/reservation-rooms/:reservationRoomUuid/guests}: +0ms
[Nest] 14128  - 29/09/2026, 12:02:06 p. m.     LOG [RouterExplorer] Mapped {/api/v1/properties/:propertyId/reservation-rooms/:reservationRoomUuid/guests, GET} route +0ms
[Nest] 14128  - 29/09/2026, 12:02:06 p. m.     LOG [RouterExplorer] Mapped {/api/v1/properties/:propertyId/reservation-rooms/:reservationRoomUuid/guests, POST} route +0ms
[Nest] 14128  - 29/09/2026, 12:02:06 p. m.     LOG [RouterExplorer] Mapped {/api/v1/properties/:propertyId/reservation-rooms/:reservationRoomUuid/guests/:id, PATCH} route +0ms
[Nest] 14128  - 29/09/2026, 12:02:06 p. m.     LOG [RouterExplorer] Mapped {/api/v1/properties/:propertyId/reservation-rooms/:reservationRoomUuid/guests/:id, DELETE} route +0ms
[Nest] 14128  - 29/09/2026, 12:02:06 p. m.     LOG [RoutesResolver] PaymentsController {/api/v1/properties/:propertyId}: +1ms
[Nest] 14128  - 29/09/2026, 12:02:06 p. m.     LOG [RouterExplorer] Mapped {/api/v1/properties/:propertyId/payments, GET} route +0ms
[Nest] 14128  - 29/09/2026, 12:02:06 p. m.     LOG [RouterExplorer] Mapped {/api/v1/properties/:propertyId/payments/:uuid, GET} route +0ms
[Nest] 14128  - 29/09/2026, 12:02:06 p. m.     LOG [RouterExplorer] Mapped {/api/v1/properties/:propertyId/reservations/:reservationUuid/payments, GET} route +0ms
[Nest] 14128  - 29/09/2026, 12:02:06 p. m.     LOG [RouterExplorer] Mapped {/api/v1/properties/:propertyId/reservations/:reservationUuid/payments, POST} route +0ms
[Nest] 14128  - 29/09/2026, 12:02:06 p. m.     LOG [RoutesResolver] AvailabilityController {/api/v1/properties/:propertyId/availability}: +0ms
[Nest] 14128  - 29/09/2026, 12:02:06 p. m.     LOG [RouterExplorer] Mapped {/api/v1/properties/:propertyId/availability, GET} route +0ms
[Nest] 14128  - 29/09/2026, 12:02:06 p. m.     LOG [RoutesResolver] FrontDeskController {/api/v1/properties/:propertyId/front-desk}: +0ms
[Nest] 14128  - 29/09/2026, 12:02:06 p. m.     LOG [RouterExplorer] Mapped {/api/v1/properties/:propertyId/front-desk, GET} route +0ms
[Nest] 14128  - 29/09/2026, 12:02:06 p. m.     LOG [RouterExplorer] Mapped {/api/v1/properties/:propertyId/front-desk/walk-in, POST} route +0ms
[Nest] 14128  - 29/09/2026, 12:02:06 p. m.     LOG [RoutesResolver] PlanningController {/api/v1/properties/:propertyId/planning}: +0ms
[Nest] 14128  - 29/09/2026, 12:02:06 p. m.     LOG [RouterExplorer] Mapped {/api/v1/properties/:propertyId/planning, GET} route +0ms
[Nest] 14128  - 29/09/2026, 12:02:06 p. m.     LOG [NestApplication] Nest application successfully started +46ms
Swagger: http://localhost:3000/docs/
[2J[3J[H[[90m12:02:24 p. m.[0m] File change detected. Starting incremental compilation...

[[90m12:02:24 p. m.[0m] Found 0 errors. Watching for file changes.

[2J[3J[H[[90m12:02:24 p. m.[0m] File change detected. Starting incremental compilation...

[[90m12:02:25 p. m.[0m] Found 0 errors. Watching for file changes.

[2J[3J[H[[90m12:02:26 p. m.[0m] File change detected. Starting incremental compilation...

[Nest] 14452  - 29/09/2026, 12:02:26 p. m.     LOG [NestFactory] Starting Nest application...
[Nest] 14452  - 29/09/2026, 12:02:26 p. m.     LOG [InstanceLoader] AppModule dependencies initialized +19ms
[Nest] 14452  - 29/09/2026, 12:02:26 p. m.     LOG [InstanceLoader] PrismaModule dependencies initialized +0ms
[Nest] 14452  - 29/09/2026, 12:02:26 p. m.     LOG [InstanceLoader] JwtModule dependencies initialized +8ms
[Nest] 14452  - 29/09/2026, 12:02:26 p. m.     LOG [InstanceLoader] DepartmentsModule dependencies initialized +1ms
[Nest] 14452  - 29/09/2026, 12:02:26 p. m.     LOG [InstanceLoader] PermissionGroupsModule dependencies initialized +0ms
[Nest] 14452  - 29/09/2026, 12:02:26 p. m.     LOG [InstanceLoader] ProvincesModule dependencies initialized +1ms
[Nest] 14452  - 29/09/2026, 12:02:26 p. m.     LOG [InstanceLoader] DistrictsModule dependencies initialized +0ms
[Nest] 14452  - 29/09/2026, 12:02:26 p. m.     LOG [InstanceLoader] PropertiesModule dependencies initialized +0ms
[Nest] 14452  - 29/09/2026, 12:02:26 p. m.     LOG [InstanceLoader] FloorsModule dependencies initialized +0ms
[Nest] 14452  - 29/09/2026, 12:02:26 p. m.     LOG [InstanceLoader] RoomTypesModule dependencies initialized +0ms
[Nest] 14452  - 29/09/2026, 12:02:26 p. m.     LOG [InstanceLoader] RoomsModule dependencies initialized +0ms
[Nest] 14452  - 29/09/2026, 12:02:26 p. m.     LOG [InstanceLoader] RolesModule dependencies initialized +0ms
[Nest] 14452  - 29/09/2026, 12:02:26 p. m.     LOG [InstanceLoader] PermissionsModule dependencies initialized +1ms
[Nest] 14452  - 29/09/2026, 12:02:26 p. m.     LOG [InstanceLoader] EmployeesModule dependencies initialized +0ms
[Nest] 14452  - 29/09/2026, 12:02:26 p. m.     LOG [InstanceLoader] GuestsModule dependencies initialized +0ms
[Nest] 14452  - 29/09/2026, 12:02:26 p. m.     LOG [InstanceLoader] CompaniesModule dependencies initialized +0ms
[Nest] 14452  - 29/09/2026, 12:02:26 p. m.     LOG [InstanceLoader] RatesModule dependencies initialized +0ms
[Nest] 14452  - 29/09/2026, 12:02:26 p. m.     LOG [InstanceLoader] ReportsModule dependencies initialized +0ms
[Nest] 14452  - 29/09/2026, 12:02:26 p. m.     LOG [InstanceLoader] AuthModule dependencies initialized +0ms
[Nest] 14452  - 29/09/2026, 12:02:26 p. m.     LOG [InstanceLoader] ReservationsModule dependencies initialized +0ms
[[90m12:02:26 p. m.[0m] Found 0 errors. Watching for file changes.

[Nest] 26160  - 29/09/2026, 12:02:27 p. m.     LOG [NestFactory] Starting Nest application...
[Nest] 26160  - 29/09/2026, 12:02:27 p. m.     LOG [InstanceLoader] AppModule dependencies initialized +17ms
[Nest] 26160  - 29/09/2026, 12:02:27 p. m.     LOG [InstanceLoader] PrismaModule dependencies initialized +0ms
[Nest] 26160  - 29/09/2026, 12:02:27 p. m.     LOG [InstanceLoader] JwtModule dependencies initialized +9ms
[Nest] 26160  - 29/09/2026, 12:02:27 p. m.     LOG [InstanceLoader] DepartmentsModule dependencies initialized +1ms
[Nest] 26160  - 29/09/2026, 12:02:27 p. m.     LOG [InstanceLoader] PermissionGroupsModule dependencies initialized +0ms
[Nest] 26160  - 29/09/2026, 12:02:27 p. m.     LOG [InstanceLoader] ProvincesModule dependencies initialized +0ms
[Nest] 26160  - 29/09/2026, 12:02:27 p. m.     LOG [InstanceLoader] DistrictsModule dependencies initialized +0ms
[Nest] 26160  - 29/09/2026, 12:02:27 p. m.     LOG [InstanceLoader] PropertiesModule dependencies initialized +1ms
[Nest] 26160  - 29/09/2026, 12:02:27 p. m.     LOG [InstanceLoader] FloorsModule dependencies initialized +0ms
[Nest] 26160  - 29/09/2026, 12:02:27 p. m.     LOG [InstanceLoader] RoomTypesModule dependencies initialized +0ms
[Nest] 26160  - 29/09/2026, 12:02:27 p. m.     LOG [InstanceLoader] RoomsModule dependencies initialized +0ms
[Nest] 26160  - 29/09/2026, 12:02:27 p. m.     LOG [InstanceLoader] RolesModule dependencies initialized +0ms
[Nest] 26160  - 29/09/2026, 12:02:27 p. m.     LOG [InstanceLoader] PermissionsModule dependencies initialized +0ms
[Nest] 26160  - 29/09/2026, 12:02:27 p. m.     LOG [InstanceLoader] EmployeesModule dependencies initialized +0ms
[Nest] 26160  - 29/09/2026, 12:02:27 p. m.     LOG [InstanceLoader] GuestsModule dependencies initialized +0ms
[Nest] 26160  - 29/09/2026, 12:02:27 p. m.     LOG [InstanceLoader] CompaniesModule dependencies initialized +0ms
[Nest] 26160  - 29/09/2026, 12:02:27 p. m.     LOG [InstanceLoader] RatesModule dependencies initialized +0ms
[Nest] 26160  - 29/09/2026, 12:02:27 p. m.     LOG [InstanceLoader] ReportsModule dependencies initialized +0ms
[Nest] 26160  - 29/09/2026, 12:02:27 p. m.     LOG [InstanceLoader] AuthModule dependencies initialized +0ms
[Nest] 26160  - 29/09/2026, 12:02:27 p. m.     LOG [InstanceLoader] ReservationsModule dependencies initialized +0ms
[Nest] 26160  - 29/09/2026, 12:02:27 p. m.     LOG [RoutesResolver] AuthController {/api/v1/auth}: +89ms
[Nest] 26160  - 29/09/2026, 12:02:27 p. m.     LOG [RouterExplorer] Mapped {/api/v1/auth/login, POST} route +2ms
[Nest] 26160  - 29/09/2026, 12:02:27 p. m.     LOG [RouterExplorer] Mapped {/api/v1/auth/google, POST} route +1ms
[Nest] 26160  - 29/09/2026, 12:02:27 p. m.     LOG [RouterExplorer] Mapped {/api/v1/auth/google, GET} route +0ms
[Nest] 26160  - 29/09/2026, 12:02:27 p. m.     LOG [RouterExplorer] Mapped {/api/v1/auth/google/callback, GET} route +0ms
[Nest] 26160  - 29/09/2026, 12:02:27 p. m.     LOG [RouterExplorer] Mapped {/api/v1/auth/me, GET} route +0ms
[Nest] 26160  - 29/09/2026, 12:02:27 p. m.     LOG [RouterExplorer] Mapped {/api/v1/auth/logout, POST} route +1ms
[Nest] 26160  - 29/09/2026, 12:02:27 p. m.     LOG [RouterExplorer] Mapped {/api/v1/auth/google/logout, POST} route +0ms
[Nest] 26160  - 29/09/2026, 12:02:27 p. m.     LOG [RoutesResolver] MaterioLoginController {/api/v1}: +0ms
[Nest] 26160  - 29/09/2026, 12:02:27 p. m.     LOG [RouterExplorer] Mapped {/api/v1/login, POST} route +0ms
[Nest] 26160  - 29/09/2026, 12:02:27 p. m.     LOG [RoutesResolver] DepartmentsController {/api/v1/departments}: +0ms
[Nest] 26160  - 29/09/2026, 12:02:27 p. m.     LOG [RouterExplorer] Mapped {/api/v1/departments, POST} route +0ms
[Nest] 26160  - 29/09/2026, 12:02:27 p. m.     LOG [RouterExplorer] Mapped {/api/v1/departments, GET} route +1ms
[Nest] 26160  - 29/09/2026, 12:02:27 p. m.     LOG [RouterExplorer] Mapped {/api/v1/departments/:uuid, GET} route +0ms
[Nest] 26160  - 29/09/2026, 12:02:27 p. m.     LOG [RouterExplorer] Mapped {/api/v1/departments/:uuid, PATCH} route +0ms
[Nest] 26160  - 29/09/2026, 12:02:27 p. m.     LOG [RouterExplorer] Mapped {/api/v1/departments/:uuid, DELETE} route +0ms
[Nest] 26160  - 29/09/2026, 12:02:27 p. m.     LOG [RoutesResolver] ProvincesController {/api/v1/provinces}: +0ms
[Nest] 26160  - 29/09/2026, 12:02:27 p. m.     LOG [RouterExplorer] Mapped {/api/v1/provinces, POST} route +1ms
[Nest] 26160  - 29/09/2026, 12:02:27 p. m.     LOG [RouterExplorer] Mapped {/api/v1/provinces, GET} route +0ms
[Nest] 26160  - 29/09/2026, 12:02:27 p. m.     LOG [RouterExplorer] Mapped {/api/v1/provinces/by-department/:departmentId, GET} route +0ms
[Nest] 26160  - 29/09/2026, 12:02:27 p. m.     LOG [RouterExplorer] Mapped {/api/v1/provinces/:uuid, GET} route +1ms
[Nest] 26160  - 29/09/2026, 12:02:27 p. m.     LOG [RouterExplorer] Mapped {/api/v1/provinces/:uuid, PATCH} route +0ms
[Nest] 26160  - 29/09/2026, 12:02:27 p. m.     LOG [RouterExplorer] Mapped {/api/v1/provinces/:uuid, DELETE} route +0ms
[Nest] 26160  - 29/09/2026, 12:02:27 p. m.     LOG [RoutesResolver] DistrictsController {/api/v1/districts}: +0ms
[Nest] 26160  - 29/09/2026, 12:02:27 p. m.     LOG [RouterExplorer] Mapped {/api/v1/districts, POST} route +0ms
[Nest] 26160  - 29/09/2026, 12:02:27 p. m.     LOG [RouterExplorer] Mapped {/api/v1/districts, GET} route +0ms
[Nest] 26160  - 29/09/2026, 12:02:27 p. m.     LOG [RouterExplorer] Mapped {/api/v1/districts/by-province/:provinceId, GET} route +0ms
[Nest] 26160  - 29/09/2026, 12:02:27 p. m.     LOG [RouterExplorer] Mapped {/api/v1/districts/:uuid, GET} route +0ms
[Nest] 26160  - 29/09/2026, 12:02:27 p. m.     LOG [RouterExplorer] Mapped {/api/v1/districts/:uuid, PATCH} route +0ms
[Nest] 26160  - 29/09/2026, 12:02:27 p. m.     LOG [RouterExplorer] Mapped {/api/v1/districts/:uuid, DELETE} route +0ms
[Nest] 26160  - 29/09/2026, 12:02:27 p. m.     LOG [RoutesResolver] PropertiesController {/api/v1/properties}: +0ms
[Nest] 26160  - 29/09/2026, 12:02:27 p. m.     LOG [RouterExplorer] Mapped {/api/v1/properties, POST} route +1ms
[Nest] 26160  - 29/09/2026, 12:02:27 p. m.     LOG [RouterExplorer] Mapped {/api/v1/properties, GET} route +0ms
[Nest] 26160  - 29/09/2026, 12:02:27 p. m.     LOG [RouterExplorer] Mapped {/api/v1/properties/:uuid, GET} route +0ms
[Nest] 26160  - 29/09/2026, 12:02:27 p. m.     LOG [RouterExplorer] Mapped {/api/v1/properties/:uuid, PATCH} route +0ms
[Nest] 26160  - 29/09/2026, 12:02:27 p. m.     LOG [RouterExplorer] Mapped {/api/v1/properties/:uuid, DELETE} route +0ms
[Nest] 26160  - 29/09/2026, 12:02:27 p. m.     LOG [RoutesResolver] PropertySettingsController {/api/v1/properties/:propertyId/settings}: +0ms
[Nest] 26160  - 29/09/2026, 12:02:27 p. m.     LOG [RouterExplorer] Mapped {/api/v1/properties/:propertyId/settings, GET} route +0ms
[Nest] 26160  - 29/09/2026, 12:02:27 p. m.     LOG [RouterExplorer] Mapped {/api/v1/properties/:propertyId/settings, PATCH} route +0ms
[Nest] 26160  - 29/09/2026, 12:02:27 p. m.     LOG [RoutesResolver] FloorsController {/api/v1/properties/:propertyId/floors}: +0ms
[Nest] 26160  - 29/09/2026, 12:02:27 p. m.     LOG [RouterExplorer] Mapped {/api/v1/properties/:propertyId/floors, POST} route +0ms
[Nest] 26160  - 29/09/2026, 12:02:27 p. m.     LOG [RouterExplorer] Mapped {/api/v1/properties/:propertyId/floors, GET} route +1ms
[Nest] 26160  - 29/09/2026, 12:02:27 p. m.     LOG [RouterExplorer] Mapped {/api/v1/properties/:propertyId/floors/:uuid, GET} route +0ms
[Nest] 26160  - 29/09/2026, 12:02:27 p. m.     LOG [RouterExplorer] Mapped {/api/v1/properties/:propertyId/floors/:uuid, PATCH} route +0ms
[Nest] 26160  - 29/09/2026, 12:02:27 p. m.     LOG [RouterExplorer] Mapped {/api/v1/properties/:propertyId/floors/:uuid, DELETE} route +0ms
[Nest] 26160  - 29/09/2026, 12:02:27 p. m.     LOG [RoutesResolver] RoomTypesController {/api/v1/properties/:propertyId/room-types}: +0ms
[Nest] 26160  - 29/09/2026, 12:02:27 p. m.     LOG [RouterExplorer] Mapped {/api/v1/properties/:propertyId/room-types, POST} route +0ms
[Nest] 26160  - 29/09/2026, 12:02:27 p. m.     LOG [RouterExplorer] Mapped {/api/v1/properties/:propertyId/room-types, GET} route +0ms
[Nest] 26160  - 29/09/2026, 12:02:27 p. m.     LOG [RouterExplorer] Mapped {/api/v1/properties/:propertyId/room-types/:uuid, GET} route +0ms
[Nest] 26160  - 29/09/2026, 12:02:27 p. m.     LOG [RouterExplorer] Mapped {/api/v1/properties/:propertyId/room-types/:uuid, PATCH} route +0ms
[Nest] 26160  - 29/09/2026, 12:02:27 p. m.     LOG [RouterExplorer] Mapped {/api/v1/properties/:propertyId/room-types/:uuid, DELETE} route +0ms
[Nest] 26160  - 29/09/2026, 12:02:27 p. m.     LOG [RoutesResolver] RoomsController {/api/v1/properties/:propertyId/rooms}: +0ms
[Nest] 26160  - 29/09/2026, 12:02:27 p. m.     LOG [RouterExplorer] Mapped {/api/v1/properties/:propertyId/rooms, POST} route +0ms
[Nest] 26160  - 29/09/2026, 12:02:27 p. m.     LOG [RouterExplorer] Mapped {/api/v1/properties/:propertyId/rooms, GET} route +1ms
[Nest] 26160  - 29/09/2026, 12:02:27 p. m.     LOG [RouterExplorer] Mapped {/api/v1/properties/:propertyId/rooms/:uuid, GET} route +0ms
[Nest] 26160  - 29/09/2026, 12:02:27 p. m.     LOG [RouterExplorer] Mapped {/api/v1/properties/:propertyId/rooms/:uuid, PATCH} route +0ms
[Nest] 26160  - 29/09/2026, 12:02:27 p. m.     LOG [RouterExplorer] Mapped {/api/v1/properties/:propertyId/rooms/:uuid, DELETE} route +0ms
[Nest] 26160  - 29/09/2026, 12:02:27 p. m.     LOG [RoutesResolver] RolesController {/api/v1/properties/:propertyId/roles}: +0ms
[Nest] 26160  - 29/09/2026, 12:02:27 p. m.     LOG [RouterExplorer] Mapped {/api/v1/properties/:propertyId/roles, POST} route +0ms
[Nest] 26160  - 29/09/2026, 12:02:27 p. m.     LOG [RouterExplorer] Mapped {/api/v1/properties/:propertyId/roles, GET} route +0ms
[Nest] 26160  - 29/09/2026, 12:02:27 p. m.     LOG [RouterExplorer] Mapped {/api/v1/properties/:propertyId/roles/:uuid, GET} route +0ms
[Nest] 26160  - 29/09/2026, 12:02:27 p. m.     LOG [RouterExplorer] Mapped {/api/v1/properties/:propertyId/roles/:uuid/permissions, GET} route +1ms
[Nest] 26160  - 29/09/2026, 12:02:27 p. m.     LOG [RouterExplorer] Mapped {/api/v1/properties/:propertyId/roles/:uuid, PATCH} route +0ms
[Nest] 26160  - 29/09/2026, 12:02:27 p. m.     LOG [RouterExplorer] Mapped {/api/v1/properties/:propertyId/roles/:uuid, DELETE} route +0ms
[Nest] 26160  - 29/09/2026, 12:02:27 p. m.     LOG [RoutesResolver] PermissionGroupsController {/api/v1/permission-groups}: +0ms
[Nest] 26160  - 29/09/2026, 12:02:27 p. m.     LOG [RouterExplorer] Mapped {/api/v1/permission-groups, POST} route +0ms
[Nest] 26160  - 29/09/2026, 12:02:27 p. m.     LOG [RouterExplorer] Mapped {/api/v1/permission-groups, GET} route +0ms
[Nest] 26160  - 29/09/2026, 12:02:27 p. m.     LOG [RouterExplorer] Mapped {/api/v1/permission-groups/:uuid, GET} route +0ms
[Nest] 26160  - 29/09/2026, 12:02:27 p. m.     LOG [RouterExplorer] Mapped {/api/v1/permission-groups/:uuid, PATCH} route +0ms
[Nest] 26160  - 29/09/2026, 12:02:27 p. m.     LOG [RouterExplorer] Mapped {/api/v1/permission-groups/:uuid, DELETE} route +0ms
[Nest] 26160  - 29/09/2026, 12:02:27 p. m.     LOG [RoutesResolver] PermissionsController {/api/v1/permissions}: +0ms
[Nest] 26160  - 29/09/2026, 12:02:27 p. m.     LOG [RouterExplorer] Mapped {/api/v1/permissions, POST} route +0ms
[Nest] 26160  - 29/09/2026, 12:02:27 p. m.     LOG [RouterExplorer] Mapped {/api/v1/permissions, GET} route +1ms
[Nest] 26160  - 29/09/2026, 12:02:27 p. m.     LOG [RouterExplorer] Mapped {/api/v1/permissions/by-group/:permissionGroupId, GET} route +0ms
[Nest] 26160  - 29/09/2026, 12:02:27 p. m.     LOG [RouterExplorer] Mapped {/api/v1/permissions/:uuid, GET} route +0ms
[Nest] 26160  - 29/09/2026, 12:02:27 p. m.     LOG [RouterExplorer] Mapped {/api/v1/permissions/:uuid, PATCH} route +0ms
[Nest] 26160  - 29/09/2026, 12:02:27 p. m.     LOG [RouterExplorer] Mapped {/api/v1/permissions/:uuid, DELETE} route +0ms
[Nest] 26160  - 29/09/2026, 12:02:27 p. m.     LOG [RoutesResolver] EmployeesController {/api/v1/properties/:propertyId/employees}: +0ms
[Nest] 26160  - 29/09/2026, 12:02:27 p. m.     LOG [RouterExplorer] Mapped {/api/v1/properties/:propertyId/employees, POST} route +0ms
[Nest] 26160  - 29/09/2026, 12:02:27 p. m.     LOG [RouterExplorer] Mapped {/api/v1/properties/:propertyId/employees, GET} route +0ms
[Nest] 26160  - 29/09/2026, 12:02:27 p. m.     LOG [RouterExplorer] Mapped {/api/v1/properties/:propertyId/employees/:uuid, GET} route +0ms
[Nest] 26160  - 29/09/2026, 12:02:27 p. m.     LOG [RouterExplorer] Mapped {/api/v1/properties/:propertyId/employees/:uuid, PATCH} route +0ms
[Nest] 26160  - 29/09/2026, 12:02:27 p. m.     LOG [RouterExplorer] Mapped {/api/v1/properties/:propertyId/employees/:uuid, DELETE} route +1ms
[Nest] 26160  - 29/09/2026, 12:02:27 p. m.     LOG [RoutesResolver] GuestsController {/api/v1/properties/:propertyId/guests}: +0ms
[Nest] 26160  - 29/09/2026, 12:02:27 p. m.     LOG [RouterExplorer] Mapped {/api/v1/properties/:propertyId/guests, POST} route +0ms
[Nest] 26160  - 29/09/2026, 12:02:27 p. m.     LOG [RouterExplorer] Mapped {/api/v1/properties/:propertyId/guests, GET} route +0ms
[Nest] 26160  - 29/09/2026, 12:02:27 p. m.     LOG [RouterExplorer] Mapped {/api/v1/properties/:propertyId/guests/:uuid, GET} route +0ms
[Nest] 26160  - 29/09/2026, 12:02:27 p. m.     LOG [RouterExplorer] Mapped {/api/v1/properties/:propertyId/guests/:uuid, PATCH} route +0ms
[Nest] 26160  - 29/09/2026, 12:02:27 p. m.     LOG [RouterExplorer] Mapped {/api/v1/properties/:propertyId/guests/:uuid, DELETE} route +0ms
[Nest] 26160  - 29/09/2026, 12:02:27 p. m.     LOG [RoutesResolver] CompaniesController {/api/v1/properties/:propertyId/companies}: +0ms
[Nest] 26160  - 29/09/2026, 12:02:27 p. m.     LOG [RouterExplorer] Mapped {/api/v1/properties/:propertyId/companies, POST} route +0ms
[Nest] 26160  - 29/09/2026, 12:02:27 p. m.     LOG [RouterExplorer] Mapped {/api/v1/properties/:propertyId/companies, GET} route +0ms
[Nest] 26160  - 29/09/2026, 12:02:27 p. m.     LOG [RouterExplorer] Mapped {/api/v1/properties/:propertyId/companies/:uuid, GET} route +0ms
[Nest] 26160  - 29/09/2026, 12:02:27 p. m.     LOG [RouterExplorer] Mapped {/api/v1/properties/:propertyId/companies/:uuid, PATCH} route +0ms
[Nest] 26160  - 29/09/2026, 12:02:27 p. m.     LOG [RouterExplorer] Mapped {/api/v1/properties/:propertyId/companies/:uuid, DELETE} route +1ms
[Nest] 26160  - 29/09/2026, 12:02:27 p. m.     LOG [RoutesResolver] RatesController {/api/v1/properties/:propertyId/rates}: +0ms
[Nest] 26160  - 29/09/2026, 12:02:27 p. m.     LOG [RouterExplorer] Mapped {/api/v1/properties/:propertyId/rates, POST} route +0ms
[Nest] 26160  - 29/09/2026, 12:02:27 p. m.     LOG [RouterExplorer] Mapped {/api/v1/properties/:propertyId/rates, GET} route +0ms
[Nest] 26160  - 29/09/2026, 12:02:27 p. m.     LOG [RouterExplorer] Mapped {/api/v1/properties/:propertyId/rates/:uuid, GET} route +0ms
[Nest] 26160  - 29/09/2026, 12:02:27 p. m.     LOG [RouterExplorer] Mapped {/api/v1/properties/:propertyId/rates/:uuid, PATCH} route +0ms
[Nest] 26160  - 29/09/2026, 12:02:27 p. m.     LOG [RouterExplorer] Mapped {/api/v1/properties/:propertyId/rates/:uuid, DELETE} route +0ms
[Nest] 26160  - 29/09/2026, 12:02:27 p. m.     LOG [RoutesResolver] ReservationsController {/api/v1/properties/:propertyId/reservations}: +0ms
[Nest] 26160  - 29/09/2026, 12:02:27 p. m.     LOG [RouterExplorer] Mapped {/api/v1/properties/:propertyId/reservations, POST} route +0ms
[Nest] 26160  - 29/09/2026, 12:02:27 p. m.     LOG [RouterExplorer] Mapped {/api/v1/properties/:propertyId/reservations, GET} route +0ms
[Nest] 26160  - 29/09/2026, 12:02:27 p. m.     LOG [RouterExplorer] Mapped {/api/v1/properties/:propertyId/reservations/:uuid, GET} route +0ms
[Nest] 26160  - 29/09/2026, 12:02:27 p. m.     LOG [RouterExplorer] Mapped {/api/v1/properties/:propertyId/reservations/:uuid, PATCH} route +0ms
[Nest] 26160  - 29/09/2026, 12:02:27 p. m.     LOG [RouterExplorer] Mapped {/api/v1/properties/:propertyId/reservations/:uuid/cancel, POST} route +0ms
[Nest] 26160  - 29/09/2026, 12:02:27 p. m.     LOG [RoutesResolver] ReservationRoomsController {/api/v1/properties/:propertyId/reservations/:reservationUuid/rooms}: +0ms
[Nest] 26160  - 29/09/2026, 12:02:27 p. m.     LOG [RouterExplorer] Mapped {/api/v1/properties/:propertyId/reservations/:reservationUuid/rooms, GET} route +1ms
[Nest] 26160  - 29/09/2026, 12:02:27 p. m.     LOG [RouterExplorer] Mapped {/api/v1/properties/:propertyId/reservations/:reservationUuid/rooms/:uuid, GET} route +0ms
[Nest] 26160  - 29/09/2026, 12:02:27 p. m.     LOG [RouterExplorer] Mapped {/api/v1/properties/:propertyId/reservations/:reservationUuid/rooms, POST} route +0ms
[Nest] 26160  - 29/09/2026, 12:02:27 p. m.     LOG [RouterExplorer] Mapped {/api/v1/properties/:propertyId/reservations/:reservationUuid/rooms/:uuid, PATCH} route +0ms
[Nest] 26160  - 29/09/2026, 12:02:27 p. m.     LOG [RouterExplorer] Mapped {/api/v1/properties/:propertyId/reservations/:reservationUuid/rooms/:uuid, DELETE} route +0ms
[Nest] 26160  - 29/09/2026, 12:02:27 p. m.     LOG [RouterExplorer] Mapped {/api/v1/properties/:propertyId/reservations/:reservationUuid/rooms/:uuid/check-in, POST} route +0ms
[Nest] 26160  - 29/09/2026, 12:02:27 p. m.     LOG [RouterExplorer] Mapped {/api/v1/properties/:propertyId/reservations/:reservationUuid/rooms/:uuid/check-out, POST} route +0ms
[Nest] 26160  - 29/09/2026, 12:02:27 p. m.     LOG [RoutesResolver] ReservationGuestsController {/api/v1/properties/:propertyId/reservation-rooms/:reservationRoomUuid/guests}: +0ms
[Nest] 26160  - 29/09/2026, 12:02:27 p. m.     LOG [RouterExplorer] Mapped {/api/v1/properties/:propertyId/reservation-rooms/:reservationRoomUuid/guests, GET} route +0ms
[Nest] 26160  - 29/09/2026, 12:02:27 p. m.     LOG [RouterExplorer] Mapped {/api/v1/properties/:propertyId/reservation-rooms/:reservationRoomUuid/guests, POST} route +0ms
[Nest] 26160  - 29/09/2026, 12:02:27 p. m.     LOG [RouterExplorer] Mapped {/api/v1/properties/:propertyId/reservation-rooms/:reservationRoomUuid/guests/:id, PATCH} route +0ms
[Nest] 26160  - 29/09/2026, 12:02:27 p. m.     LOG [RouterExplorer] Mapped {/api/v1/properties/:propertyId/reservation-rooms/:reservationRoomUuid/guests/:id, DELETE} route +0ms
[Nest] 26160  - 29/09/2026, 12:02:27 p. m.     LOG [RoutesResolver] PaymentsController {/api/v1/properties/:propertyId}: +0ms
[Nest] 26160  - 29/09/2026, 12:02:27 p. m.     LOG [RouterExplorer] Mapped {/api/v1/properties/:propertyId/payments, GET} route +1ms
[Nest] 26160  - 29/09/2026, 12:02:27 p. m.     LOG [RouterExplorer] Mapped {/api/v1/properties/:propertyId/payments/:uuid, GET} route +0ms
[Nest] 26160  - 29/09/2026, 12:02:27 p. m.     LOG [RouterExplorer] Mapped {/api/v1/properties/:propertyId/reservations/:reservationUuid/payments, GET} route +0ms
[Nest] 26160  - 29/09/2026, 12:02:27 p. m.     LOG [RouterExplorer] Mapped {/api/v1/properties/:propertyId/reservations/:reservationUuid/payments, POST} route +0ms
[Nest] 26160  - 29/09/2026, 12:02:27 p. m.     LOG [RoutesResolver] AvailabilityController {/api/v1/properties/:propertyId/availability}: +0ms
[Nest] 26160  - 29/09/2026, 12:02:27 p. m.     LOG [RouterExplorer] Mapped {/api/v1/properties/:propertyId/availability, GET} route +0ms
[Nest] 26160  - 29/09/2026, 12:02:27 p. m.     LOG [RoutesResolver] FrontDeskController {/api/v1/properties/:propertyId/front-desk}: +0ms
[Nest] 26160  - 29/09/2026, 12:02:27 p. m.     LOG [RouterExplorer] Mapped {/api/v1/properties/:propertyId/front-desk, GET} route +0ms
[Nest] 26160  - 29/09/2026, 12:02:27 p. m.     LOG [RouterExplorer] Mapped {/api/v1/properties/:propertyId/front-desk/walk-in, POST} route +0ms
[Nest] 26160  - 29/09/2026, 12:02:27 p. m.     LOG [RoutesResolver] PlanningController {/api/v1/properties/:propertyId/planning}: +0ms
[Nest] 26160  - 29/09/2026, 12:02:27 p. m.     LOG [RouterExplorer] Mapped {/api/v1/properties/:propertyId/planning, GET} route +0ms
[Nest] 26160  - 29/09/2026, 12:02:27 p. m.     LOG [RoutesResolver] ReportsController {/api/v1/properties/:propertyId/reports}: +0ms
[Nest] 26160  - 29/09/2026, 12:02:27 p. m.     LOG [RouterExplorer] Mapped {/api/v1/properties/:propertyId/reports/guest-sheet, GET} route +0ms
[Nest] 26160  - 29/09/2026, 12:02:27 p. m.     LOG [NestApplication] Nest application successfully started +40ms
Swagger: http://localhost:3000/docs/
[2J[3J[H[[90m12:02:48 p. m.[0m] File change detected. Starting incremental compilation...

[[90m12:02:49 p. m.[0m] Found 0 errors. Watching for file changes.

[Nest] 12420  - 29/09/2026, 12:02:50 p. m.     LOG [NestFactory] Starting Nest application...
[Nest] 12420  - 29/09/2026, 12:02:50 p. m.     LOG [InstanceLoader] AppModule dependencies initialized +42ms
[Nest] 12420  - 29/09/2026, 12:02:50 p. m.     LOG [InstanceLoader] PrismaModule dependencies initialized +0ms
[Nest] 12420  - 29/09/2026, 12:02:50 p. m.     LOG [InstanceLoader] JwtModule dependencies initialized +14ms
[Nest] 12420  - 29/09/2026, 12:02:50 p. m.     LOG [InstanceLoader] DepartmentsModule dependencies initialized +3ms
[Nest] 12420  - 29/09/2026, 12:02:50 p. m.     LOG [InstanceLoader] PermissionGroupsModule dependencies initialized +0ms
[Nest] 12420  - 29/09/2026, 12:02:50 p. m.     LOG [InstanceLoader] ProvincesModule dependencies initialized +1ms
[Nest] 12420  - 29/09/2026, 12:02:50 p. m.     LOG [InstanceLoader] DistrictsModule dependencies initialized +0ms
[Nest] 12420  - 29/09/2026, 12:02:50 p. m.     LOG [InstanceLoader] PropertiesModule dependencies initialized +0ms
[Nest] 12420  - 29/09/2026, 12:02:50 p. m.     LOG [InstanceLoader] FloorsModule dependencies initialized +1ms
[Nest] 12420  - 29/09/2026, 12:02:50 p. m.     LOG [InstanceLoader] RoomTypesModule dependencies initialized +0ms
[Nest] 12420  - 29/09/2026, 12:02:50 p. m.     LOG [InstanceLoader] RoomsModule dependencies initialized +0ms
[Nest] 12420  - 29/09/2026, 12:02:50 p. m.     LOG [InstanceLoader] RolesModule dependencies initialized +0ms
[Nest] 12420  - 29/09/2026, 12:02:50 p. m.     LOG [InstanceLoader] PermissionsModule dependencies initialized +0ms
[Nest] 12420  - 29/09/2026, 12:02:50 p. m.     LOG [InstanceLoader] EmployeesModule dependencies initialized +0ms
[Nest] 12420  - 29/09/2026, 12:02:50 p. m.     LOG [InstanceLoader] GuestsModule dependencies initialized +0ms
[Nest] 12420  - 29/09/2026, 12:02:50 p. m.     LOG [InstanceLoader] CompaniesModule dependencies initialized +0ms
[Nest] 12420  - 29/09/2026, 12:02:50 p. m.     LOG [InstanceLoader] RatesModule dependencies initialized +0ms
[Nest] 12420  - 29/09/2026, 12:02:50 p. m.     LOG [InstanceLoader] ReportsModule dependencies initialized +0ms
[Nest] 12420  - 29/09/2026, 12:02:50 p. m.     LOG [InstanceLoader] AuthModule dependencies initialized +0ms
[Nest] 12420  - 29/09/2026, 12:02:50 p. m.     LOG [InstanceLoader] ReservationsModule dependencies initialized +0ms
[Nest] 12420  - 29/09/2026, 12:02:50 p. m.     LOG [RoutesResolver] AuthController {/api/v1/auth}: +143ms
[Nest] 12420  - 29/09/2026, 12:02:50 p. m.     LOG [RouterExplorer] Mapped {/api/v1/auth/login, POST} route +3ms
[Nest] 12420  - 29/09/2026, 12:02:50 p. m.     LOG [RouterExplorer] Mapped {/api/v1/auth/google, POST} route +1ms
[Nest] 12420  - 29/09/2026, 12:02:50 p. m.     LOG [RouterExplorer] Mapped {/api/v1/auth/google, GET} route +0ms
[Nest] 12420  - 29/09/2026, 12:02:50 p. m.     LOG [RouterExplorer] Mapped {/api/v1/auth/google/callback, GET} route +0ms
[Nest] 12420  - 29/09/2026, 12:02:50 p. m.     LOG [RouterExplorer] Mapped {/api/v1/auth/me, GET} route +0ms
[Nest] 12420  - 29/09/2026, 12:02:50 p. m.     LOG [RouterExplorer] Mapped {/api/v1/auth/logout, POST} route +0ms
[Nest] 12420  - 29/09/2026, 12:02:50 p. m.     LOG [RouterExplorer] Mapped {/api/v1/auth/google/logout, POST} route +1ms
[Nest] 12420  - 29/09/2026, 12:02:50 p. m.     LOG [RoutesResolver] MaterioLoginController {/api/v1}: +0ms
[Nest] 12420  - 29/09/2026, 12:02:50 p. m.     LOG [RouterExplorer] Mapped {/api/v1/login, POST} route +0ms
[Nest] 12420  - 29/09/2026, 12:02:50 p. m.     LOG [RoutesResolver] DepartmentsController {/api/v1/departments}: +0ms
[Nest] 12420  - 29/09/2026, 12:02:50 p. m.     LOG [RouterExplorer] Mapped {/api/v1/departments, POST} route +0ms
[Nest] 12420  - 29/09/2026, 12:02:50 p. m.     LOG [RouterExplorer] Mapped {/api/v1/departments, GET} route +1ms
[Nest] 12420  - 29/09/2026, 12:02:50 p. m.     LOG [RouterExplorer] Mapped {/api/v1/departments/:uuid, GET} route +0ms
[Nest] 12420  - 29/09/2026, 12:02:50 p. m.     LOG [RouterExplorer] Mapped {/api/v1/departments/:uuid, PATCH} route +0ms
[Nest] 12420  - 29/09/2026, 12:02:50 p. m.     LOG [RouterExplorer] Mapped {/api/v1/departments/:uuid, DELETE} route +0ms
[Nest] 12420  - 29/09/2026, 12:02:50 p. m.     LOG [RoutesResolver] ProvincesController {/api/v1/provinces}: +0ms
[Nest] 12420  - 29/09/2026, 12:02:50 p. m.     LOG [RouterExplorer] Mapped {/api/v1/provinces, POST} route +0ms
[Nest] 12420  - 29/09/2026, 12:02:50 p. m.     LOG [RouterExplorer] Mapped {/api/v1/provinces, GET} route +1ms
[Nest] 12420  - 29/09/2026, 12:02:50 p. m.     LOG [RouterExplorer] Mapped {/api/v1/provinces/by-department/:departmentId, GET} route +0ms
[Nest] 12420  - 29/09/2026, 12:02:50 p. m.     LOG [RouterExplorer] Mapped {/api/v1/provinces/:uuid, GET} route +0ms
[Nest] 12420  - 29/09/2026, 12:02:50 p. m.     LOG [RouterExplorer] Mapped {/api/v1/provinces/:uuid, PATCH} route +0ms
[Nest] 12420  - 29/09/2026, 12:02:50 p. m.     LOG [RouterExplorer] Mapped {/api/v1/provinces/:uuid, DELETE} route +0ms
[Nest] 12420  - 29/09/2026, 12:02:50 p. m.     LOG [RoutesResolver] DistrictsController {/api/v1/districts}: +0ms
[Nest] 12420  - 29/09/2026, 12:02:50 p. m.     LOG [RouterExplorer] Mapped {/api/v1/districts, POST} route +0ms
[Nest] 12420  - 29/09/2026, 12:02:50 p. m.     LOG [RouterExplorer] Mapped {/api/v1/districts, GET} route +0ms
[Nest] 12420  - 29/09/2026, 12:02:50 p. m.     LOG [RouterExplorer] Mapped {/api/v1/districts/by-province/:provinceId, GET} route +1ms
[Nest] 12420  - 29/09/2026, 12:02:50 p. m.     LOG [RouterExplorer] Mapped {/api/v1/districts/:uuid, GET} route +0ms
[Nest] 12420  - 29/09/2026, 12:02:50 p. m.     LOG [RouterExplorer] Mapped {/api/v1/districts/:uuid, PATCH} route +0ms
[Nest] 12420  - 29/09/2026, 12:02:50 p. m.     LOG [RouterExplorer] Mapped {/api/v1/districts/:uuid, DELETE} route +0ms
[Nest] 12420  - 29/09/2026, 12:02:50 p. m.     LOG [RoutesResolver] PropertiesController {/api/v1/properties}: +0ms
[Nest] 12420  - 29/09/2026, 12:02:50 p. m.     LOG [RouterExplorer] Mapped {/api/v1/properties, POST} route +0ms
[Nest] 12420  - 29/09/2026, 12:02:50 p. m.     LOG [RouterExplorer] Mapped {/api/v1/properties, GET} route +0ms
[Nest] 12420  - 29/09/2026, 12:02:50 p. m.     LOG [RouterExplorer] Mapped {/api/v1/properties/:uuid, GET} route +0ms
[Nest] 12420  - 29/09/2026, 12:02:50 p. m.     LOG [RouterExplorer] Mapped {/api/v1/properties/:uuid, PATCH} route +0ms
[Nest] 12420  - 29/09/2026, 12:02:50 p. m.     LOG [RouterExplorer] Mapped {/api/v1/properties/:uuid, DELETE} route +0ms
[Nest] 12420  - 29/09/2026, 12:02:50 p. m.     LOG [RoutesResolver] PropertySettingsController {/api/v1/properties/:propertyId/settings}: +0ms
[Nest] 12420  - 29/09/2026, 12:02:50 p. m.     LOG [RouterExplorer] Mapped {/api/v1/properties/:propertyId/settings, GET} route +0ms
[Nest] 12420  - 29/09/2026, 12:02:50 p. m.     LOG [RouterExplorer] Mapped {/api/v1/properties/:propertyId/settings, PATCH} route +1ms
[Nest] 12420  - 29/09/2026, 12:02:50 p. m.     LOG [RoutesResolver] FloorsController {/api/v1/properties/:propertyId/floors}: +0ms
[Nest] 12420  - 29/09/2026, 12:02:50 p. m.     LOG [RouterExplorer] Mapped {/api/v1/properties/:propertyId/floors, POST} route +0ms
[Nest] 12420  - 29/09/2026, 12:02:50 p. m.     LOG [RouterExplorer] Mapped {/api/v1/properties/:propertyId/floors, GET} route +0ms
[Nest] 12420  - 29/09/2026, 12:02:50 p. m.     LOG [RouterExplorer] Mapped {/api/v1/properties/:propertyId/floors/:uuid, GET} route +0ms
[Nest] 12420  - 29/09/2026, 12:02:50 p. m.     LOG [RouterExplorer] Mapped {/api/v1/properties/:propertyId/floors/:uuid, PATCH} route +0ms
[Nest] 12420  - 29/09/2026, 12:02:50 p. m.     LOG [RouterExplorer] Mapped {/api/v1/properties/:propertyId/floors/:uuid, DELETE} route +0ms
[Nest] 12420  - 29/09/2026, 12:02:50 p. m.     LOG [RoutesResolver] RoomTypesController {/api/v1/properties/:propertyId/room-types}: +0ms
[Nest] 12420  - 29/09/2026, 12:02:50 p. m.     LOG [RouterExplorer] Mapped {/api/v1/properties/:propertyId/room-types, POST} route +0ms
[Nest] 12420  - 29/09/2026, 12:02:50 p. m.     LOG [RouterExplorer] Mapped {/api/v1/properties/:propertyId/room-types, GET} route +1ms
[Nest] 12420  - 29/09/2026, 12:02:50 p. m.     LOG [RouterExplorer] Mapped {/api/v1/properties/:propertyId/room-types/:uuid, GET} route +0ms
[Nest] 12420  - 29/09/2026, 12:02:50 p. m.     LOG [RouterExplorer] Mapped {/api/v1/properties/:propertyId/room-types/:uuid, PATCH} route +0ms
[Nest] 12420  - 29/09/2026, 12:02:50 p. m.     LOG [RouterExplorer] Mapped {/api/v1/properties/:propertyId/room-types/:uuid, DELETE} route +0ms
[Nest] 12420  - 29/09/2026, 12:02:50 p. m.     LOG [RoutesResolver] RoomsController {/api/v1/properties/:propertyId/rooms}: +0ms
[Nest] 12420  - 29/09/2026, 12:02:50 p. m.     LOG [RouterExplorer] Mapped {/api/v1/properties/:propertyId/rooms, POST} route +0ms
[Nest] 12420  - 29/09/2026, 12:02:50 p. m.     LOG [RouterExplorer] Mapped {/api/v1/properties/:propertyId/rooms, GET} route +0ms
[Nest] 12420  - 29/09/2026, 12:02:50 p. m.     LOG [RouterExplorer] Mapped {/api/v1/properties/:propertyId/rooms/:uuid, GET} route +0ms
[Nest] 12420  - 29/09/2026, 12:02:50 p. m.     LOG [RouterExplorer] Mapped {/api/v1/properties/:propertyId/rooms/:uuid, PATCH} route +1ms
[Nest] 12420  - 29/09/2026, 12:02:50 p. m.     LOG [RouterExplorer] Mapped {/api/v1/properties/:propertyId/rooms/:uuid, DELETE} route +0ms
[Nest] 12420  - 29/09/2026, 12:02:50 p. m.     LOG [RoutesResolver] RolesController {/api/v1/properties/:propertyId/roles}: +0ms
[Nest] 12420  - 29/09/2026, 12:02:50 p. m.     LOG [RouterExplorer] Mapped {/api/v1/properties/:propertyId/roles, POST} route +0ms
[Nest] 12420  - 29/09/2026, 12:02:50 p. m.     LOG [RouterExplorer] Mapped {/api/v1/properties/:propertyId/roles, GET} route +0ms
[Nest] 12420  - 29/09/2026, 12:02:50 p. m.     LOG [RouterExplorer] Mapped {/api/v1/properties/:propertyId/roles/:uuid, GET} route +0ms
[Nest] 12420  - 29/09/2026, 12:02:50 p. m.     LOG [RouterExplorer] Mapped {/api/v1/properties/:propertyId/roles/:uuid/permissions, GET} route +0ms
[Nest] 12420  - 29/09/2026, 12:02:50 p. m.     LOG [RouterExplorer] Mapped {/api/v1/properties/:propertyId/roles/:uuid, PATCH} route +0ms
[Nest] 12420  - 29/09/2026, 12:02:50 p. m.     LOG [RouterExplorer] Mapped {/api/v1/properties/:propertyId/roles/:uuid, DELETE} route +0ms
[Nest] 12420  - 29/09/2026, 12:02:50 p. m.     LOG [RoutesResolver] PermissionGroupsController {/api/v1/permission-groups}: +0ms
[Nest] 12420  - 29/09/2026, 12:02:50 p. m.     LOG [RouterExplorer] Mapped {/api/v1/permission-groups, POST} route +0ms
[Nest] 12420  - 29/09/2026, 12:02:50 p. m.     LOG [RouterExplorer] Mapped {/api/v1/permission-groups, GET} route +1ms
[Nest] 12420  - 29/09/2026, 12:02:50 p. m.     LOG [RouterExplorer] Mapped {/api/v1/permission-groups/:uuid, GET} route +0ms
[Nest] 12420  - 29/09/2026, 12:02:50 p. m.     LOG [RouterExplorer] Mapped {/api/v1/permission-groups/:uuid, PATCH} route +0ms
[Nest] 12420  - 29/09/2026, 12:02:50 p. m.     LOG [RouterExplorer] Mapped {/api/v1/permission-groups/:uuid, DELETE} route +0ms
[Nest] 12420  - 29/09/2026, 12:02:50 p. m.     LOG [RoutesResolver] PermissionsController {/api/v1/permissions}: +0ms
[Nest] 12420  - 29/09/2026, 12:02:50 p. m.     LOG [RouterExplorer] Mapped {/api/v1/permissions, POST} route +0ms
[Nest] 12420  - 29/09/2026, 12:02:50 p. m.     LOG [RouterExplorer] Mapped {/api/v1/permissions, GET} route +0ms
[Nest] 12420  - 29/09/2026, 12:02:50 p. m.     LOG [RouterExplorer] Mapped {/api/v1/permissions/by-group/:permissionGroupId, GET} route +0ms
[Nest] 12420  - 29/09/2026, 12:02:50 p. m.     LOG [RouterExplorer] Mapped {/api/v1/permissions/:uuid, GET} route +0ms
[Nest] 12420  - 29/09/2026, 12:02:50 p. m.     LOG [RouterExplorer] Mapped {/api/v1/permissions/:uuid, PATCH} route +0ms
[Nest] 12420  - 29/09/2026, 12:02:50 p. m.     LOG [RouterExplorer] Mapped {/api/v1/permissions/:uuid, DELETE} route +0ms
[Nest] 12420  - 29/09/2026, 12:02:50 p. m.     LOG [RoutesResolver] EmployeesController {/api/v1/properties/:propertyId/employees}: +0ms
[Nest] 12420  - 29/09/2026, 12:02:50 p. m.     LOG [RouterExplorer] Mapped {/api/v1/properties/:propertyId/employees, POST} route +1ms
[Nest] 12420  - 29/09/2026, 12:02:50 p. m.     LOG [RouterExplorer] Mapped {/api/v1/properties/:propertyId/employees, GET} route +0ms
[Nest] 12420  - 29/09/2026, 12:02:50 p. m.     LOG [RouterExplorer] Mapped {/api/v1/properties/:propertyId/employees/:uuid, GET} route +0ms
[Nest] 12420  - 29/09/2026, 12:02:50 p. m.     LOG [RouterExplorer] Mapped {/api/v1/properties/:propertyId/employees/:uuid, PATCH} route +0ms
[Nest] 12420  - 29/09/2026, 12:02:50 p. m.     LOG [RouterExplorer] Mapped {/api/v1/properties/:propertyId/employees/:uuid, DELETE} route +0ms
[Nest] 12420  - 29/09/2026, 12:02:50 p. m.     LOG [RoutesResolver] GuestsController {/api/v1/properties/:propertyId/guests}: +0ms
[Nest] 12420  - 29/09/2026, 12:02:50 p. m.     LOG [RouterExplorer] Mapped {/api/v1/properties/:propertyId/guests, POST} route +0ms
[Nest] 12420  - 29/09/2026, 12:02:50 p. m.     LOG [RouterExplorer] Mapped {/api/v1/properties/:propertyId/guests, GET} route +0ms
[Nest] 12420  - 29/09/2026, 12:02:50 p. m.     LOG [RouterExplorer] Mapped {/api/v1/properties/:propertyId/guests/:uuid, GET} route +0ms
[Nest] 12420  - 29/09/2026, 12:02:50 p. m.     LOG [RouterExplorer] Mapped {/api/v1/properties/:propertyId/guests/:uuid, PATCH} route +0ms
[Nest] 12420  - 29/09/2026, 12:02:50 p. m.     LOG [RouterExplorer] Mapped {/api/v1/properties/:propertyId/guests/:uuid, DELETE} route +1ms
[Nest] 12420  - 29/09/2026, 12:02:50 p. m.     LOG [RoutesResolver] CompaniesController {/api/v1/properties/:propertyId/companies}: +0ms
[Nest] 12420  - 29/09/2026, 12:02:50 p. m.     LOG [RouterExplorer] Mapped {/api/v1/properties/:propertyId/companies, POST} route +0ms
[Nest] 12420  - 29/09/2026, 12:02:50 p. m.     LOG [RouterExplorer] Mapped {/api/v1/properties/:propertyId/companies, GET} route +0ms
[Nest] 12420  - 29/09/2026, 12:02:50 p. m.     LOG [RouterExplorer] Mapped {/api/v1/properties/:propertyId/companies/:uuid, GET} route +0ms
[Nest] 12420  - 29/09/2026, 12:02:50 p. m.     LOG [RouterExplorer] Mapped {/api/v1/properties/:propertyId/companies/:uuid, PATCH} route +0ms
[Nest] 12420  - 29/09/2026, 12:02:50 p. m.     LOG [RouterExplorer] Mapped {/api/v1/properties/:propertyId/companies/:uuid, DELETE} route +0ms
[Nest] 12420  - 29/09/2026, 12:02:50 p. m.     LOG [RoutesResolver] RatesController {/api/v1/properties/:propertyId/rates}: +0ms
[Nest] 12420  - 29/09/2026, 12:02:50 p. m.     LOG [RouterExplorer] Mapped {/api/v1/properties/:propertyId/rates, POST} route +1ms
[Nest] 12420  - 29/09/2026, 12:02:50 p. m.     LOG [RouterExplorer] Mapped {/api/v1/properties/:propertyId/rates, GET} route +0ms
[Nest] 12420  - 29/09/2026, 12:02:50 p. m.     LOG [RouterExplorer] Mapped {/api/v1/properties/:propertyId/rates/:uuid, GET} route +0ms
[Nest] 12420  - 29/09/2026, 12:02:50 p. m.     LOG [RouterExplorer] Mapped {/api/v1/properties/:propertyId/rates/:uuid, PATCH} route +0ms
[Nest] 12420  - 29/09/2026, 12:02:50 p. m.     LOG [RouterExplorer] Mapped {/api/v1/properties/:propertyId/rates/:uuid, DELETE} route +1ms
[Nest] 12420  - 29/09/2026, 12:02:50 p. m.     LOG [RoutesResolver] ReservationsController {/api/v1/properties/:propertyId/reservations}: +0ms
[Nest] 12420  - 29/09/2026, 12:02:50 p. m.     LOG [RouterExplorer] Mapped {/api/v1/properties/:propertyId/reservations, POST} route +0ms
[Nest] 12420  - 29/09/2026, 12:02:50 p. m.     LOG [RouterExplorer] Mapped {/api/v1/properties/:propertyId/reservations, GET} route +0ms
[Nest] 12420  - 29/09/2026, 12:02:50 p. m.     LOG [RouterExplorer] Mapped {/api/v1/properties/:propertyId/reservations/:uuid, GET} route +0ms
[Nest] 12420  - 29/09/2026, 12:02:50 p. m.     LOG [RouterExplorer] Mapped {/api/v1/properties/:propertyId/reservations/:uuid, PATCH} route +0ms
[Nest] 12420  - 29/09/2026, 12:02:50 p. m.     LOG [RouterExplorer] Mapped {/api/v1/properties/:propertyId/reservations/:uuid/cancel, POST} route +1ms
[Nest] 12420  - 29/09/2026, 12:02:50 p. m.     LOG [RoutesResolver] ReservationRoomsController {/api/v1/properties/:propertyId/reservations/:reservationUuid/rooms}: +0ms
[Nest] 12420  - 29/09/2026, 12:02:50 p. m.     LOG [RouterExplorer] Mapped {/api/v1/properties/:propertyId/reservations/:reservationUuid/rooms, GET} route +0ms
[Nest] 12420  - 29/09/2026, 12:02:50 p. m.     LOG [RouterExplorer] Mapped {/api/v1/properties/:propertyId/reservations/:reservationUuid/rooms/:uuid, GET} route +0ms
[Nest] 12420  - 29/09/2026, 12:02:50 p. m.     LOG [RouterExplorer] Mapped {/api/v1/properties/:propertyId/reservations/:reservationUuid/rooms, POST} route +0ms
[Nest] 12420  - 29/09/2026, 12:02:50 p. m.     LOG [RouterExplorer] Mapped {/api/v1/properties/:propertyId/reservations/:reservationUuid/rooms/:uuid, PATCH} route +0ms
[Nest] 12420  - 29/09/2026, 12:02:50 p. m.     LOG [RouterExplorer] Mapped {/api/v1/properties/:propertyId/reservations/:reservationUuid/rooms/:uuid, DELETE} route +1ms
[Nest] 12420  - 29/09/2026, 12:02:50 p. m.     LOG [RouterExplorer] Mapped {/api/v1/properties/:propertyId/reservations/:reservationUuid/rooms/:uuid/check-in, POST} route +0ms
[Nest] 12420  - 29/09/2026, 12:02:50 p. m.     LOG [RouterExplorer] Mapped {/api/v1/properties/:propertyId/reservations/:reservationUuid/rooms/:uuid/check-out, POST} route +0ms
[Nest] 12420  - 29/09/2026, 12:02:50 p. m.     LOG [RoutesResolver] ReservationGuestsController {/api/v1/properties/:propertyId/reservation-rooms/:reservationRoomUuid/guests}: +0ms
[Nest] 12420  - 29/09/2026, 12:02:50 p. m.     LOG [RouterExplorer] Mapped {/api/v1/properties/:propertyId/reservation-rooms/:reservationRoomUuid/guests, GET} route +0ms
[Nest] 12420  - 29/09/2026, 12:02:50 p. m.     LOG [RouterExplorer] Mapped {/api/v1/properties/:propertyId/reservation-rooms/:reservationRoomUuid/guests, POST} route +0ms
[Nest] 12420  - 29/09/2026, 12:02:50 p. m.     LOG [RouterExplorer] Mapped {/api/v1/properties/:propertyId/reservation-rooms/:reservationRoomUuid/guests/:id, PATCH} route +1ms
[Nest] 12420  - 29/09/2026, 12:02:50 p. m.     LOG [RouterExplorer] Mapped {/api/v1/properties/:propertyId/reservation-rooms/:reservationRoomUuid/guests/:id, DELETE} route +0ms
[Nest] 12420  - 29/09/2026, 12:02:50 p. m.     LOG [RoutesResolver] PaymentsController {/api/v1/properties/:propertyId}: +0ms
[Nest] 12420  - 29/09/2026, 12:02:50 p. m.     LOG [RouterExplorer] Mapped {/api/v1/properties/:propertyId/payments, GET} route +0ms
[Nest] 12420  - 29/09/2026, 12:02:50 p. m.     LOG [RouterExplorer] Mapped {/api/v1/properties/:propertyId/payments/:uuid, GET} route +0ms
[Nest] 12420  - 29/09/2026, 12:02:50 p. m.     LOG [RouterExplorer] Mapped {/api/v1/properties/:propertyId/reservations/:reservationUuid/payments, GET} route +0ms
[Nest] 12420  - 29/09/2026, 12:02:50 p. m.     LOG [RouterExplorer] Mapped {/api/v1/properties/:propertyId/reservations/:reservationUuid/payments, POST} route +0ms
[Nest] 12420  - 29/09/2026, 12:02:50 p. m.     LOG [RoutesResolver] AvailabilityController {/api/v1/properties/:propertyId/availability}: +0ms
[Nest] 12420  - 29/09/2026, 12:02:50 p. m.     LOG [RouterExplorer] Mapped {/api/v1/properties/:propertyId/availability, GET} route +0ms
[Nest] 12420  - 29/09/2026, 12:02:50 p. m.     LOG [RoutesResolver] FrontDeskController {/api/v1/properties/:propertyId/front-desk}: +0ms
[Nest] 12420  - 29/09/2026, 12:02:50 p. m.     LOG [RouterExplorer] Mapped {/api/v1/properties/:propertyId/front-desk, GET} route +1ms
[Nest] 12420  - 29/09/2026, 12:02:50 p. m.     LOG [RouterExplorer] Mapped {/api/v1/properties/:propertyId/front-desk/walk-in, POST} route +0ms
[Nest] 12420  - 29/09/2026, 12:02:50 p. m.     LOG [RoutesResolver] PlanningController {/api/v1/properties/:propertyId/planning}: +0ms
[Nest] 12420  - 29/09/2026, 12:02:50 p. m.     LOG [RouterExplorer] Mapped {/api/v1/properties/:propertyId/planning, GET} route +0ms
[Nest] 12420  - 29/09/2026, 12:02:50 p. m.     LOG [RoutesResolver] ReportsController {/api/v1/properties/:propertyId/reports}: +0ms
[Nest] 12420  - 29/09/2026, 12:02:50 p. m.     LOG [RouterExplorer] Mapped {/api/v1/properties/:propertyId/reports/guest-sheet, GET} route +0ms
[Nest] 12420  - 29/09/2026, 12:02:50 p. m.     LOG [NestApplication] Nest application successfully started +45ms
Swagger: http://localhost:3000/docs/
[2J[3J[H[[90m12:02:51 p. m.[0m] File change detected. Starting incremental compilation...

[[90m12:02:51 p. m.[0m] Found 0 errors. Watching for file changes.

[Nest] 21076  - 29/09/2026, 12:02:53 p. m.     LOG [NestFactory] Starting Nest application...
[Nest] 21076  - 29/09/2026, 12:02:53 p. m.     LOG [InstanceLoader] AppModule dependencies initialized +36ms
[Nest] 21076  - 29/09/2026, 12:02:53 p. m.     LOG [InstanceLoader] PrismaModule dependencies initialized +0ms
[Nest] 21076  - 29/09/2026, 12:02:53 p. m.     LOG [InstanceLoader] JwtModule dependencies initialized +14ms
[Nest] 21076  - 29/09/2026, 12:02:53 p. m.     LOG [InstanceLoader] DepartmentsModule dependencies initialized +3ms
[Nest] 21076  - 29/09/2026, 12:02:53 p. m.     LOG [InstanceLoader] PermissionGroupsModule dependencies initialized +0ms
[Nest] 21076  - 29/09/2026, 12:02:53 p. m.     LOG [InstanceLoader] ProvincesModule dependencies initialized +1ms
[Nest] 21076  - 29/09/2026, 12:02:53 p. m.     LOG [InstanceLoader] DistrictsModule dependencies initialized +0ms
[Nest] 21076  - 29/09/2026, 12:02:53 p. m.     LOG [InstanceLoader] PropertiesModule dependencies initialized +0ms
[Nest] 21076  - 29/09/2026, 12:02:53 p. m.     LOG [InstanceLoader] FloorsModule dependencies initialized +0ms
[Nest] 21076  - 29/09/2026, 12:02:53 p. m.     LOG [InstanceLoader] RoomTypesModule dependencies initialized +0ms
[Nest] 21076  - 29/09/2026, 12:02:53 p. m.     LOG [InstanceLoader] RoomsModule dependencies initialized +0ms
[Nest] 21076  - 29/09/2026, 12:02:53 p. m.     LOG [InstanceLoader] RolesModule dependencies initialized +0ms
[Nest] 21076  - 29/09/2026, 12:02:53 p. m.     LOG [InstanceLoader] PermissionsModule dependencies initialized +0ms
[Nest] 21076  - 29/09/2026, 12:02:53 p. m.     LOG [InstanceLoader] EmployeesModule dependencies initialized +0ms
[Nest] 21076  - 29/09/2026, 12:02:53 p. m.     LOG [InstanceLoader] GuestsModule dependencies initialized +0ms
[Nest] 21076  - 29/09/2026, 12:02:53 p. m.     LOG [InstanceLoader] CompaniesModule dependencies initialized +0ms
[Nest] 21076  - 29/09/2026, 12:02:53 p. m.     LOG [InstanceLoader] RatesModule dependencies initialized +0ms
[Nest] 21076  - 29/09/2026, 12:02:53 p. m.     LOG [InstanceLoader] ReportsModule dependencies initialized +0ms
[Nest] 21076  - 29/09/2026, 12:02:53 p. m.     LOG [InstanceLoader] AuthModule dependencies initialized +1ms
[Nest] 21076  - 29/09/2026, 12:02:53 p. m.     LOG [InstanceLoader] ReservationsModule dependencies initialized +0ms
[Nest] 21076  - 29/09/2026, 12:02:53 p. m.     LOG [RoutesResolver] AuthController {/api/v1/auth}: +134ms
[Nest] 21076  - 29/09/2026, 12:02:53 p. m.     LOG [RouterExplorer] Mapped {/api/v1/auth/login, POST} route +3ms
[Nest] 21076  - 29/09/2026, 12:02:53 p. m.     LOG [RouterExplorer] Mapped {/api/v1/auth/google, POST} route +1ms
[Nest] 21076  - 29/09/2026, 12:02:53 p. m.     LOG [RouterExplorer] Mapped {/api/v1/auth/google, GET} route +0ms
[Nest] 21076  - 29/09/2026, 12:02:53 p. m.     LOG [RouterExplorer] Mapped {/api/v1/auth/google/callback, GET} route +0ms
[Nest] 21076  - 29/09/2026, 12:02:53 p. m.     LOG [RouterExplorer] Mapped {/api/v1/auth/me, GET} route +1ms
[Nest] 21076  - 29/09/2026, 12:02:53 p. m.     LOG [RouterExplorer] Mapped {/api/v1/auth/logout, POST} route +0ms
[Nest] 21076  - 29/09/2026, 12:02:53 p. m.     LOG [RouterExplorer] Mapped {/api/v1/auth/google/logout, POST} route +0ms
[Nest] 21076  - 29/09/2026, 12:02:53 p. m.     LOG [RoutesResolver] MaterioLoginController {/api/v1}: +0ms
[Nest] 21076  - 29/09/2026, 12:02:53 p. m.     LOG [RouterExplorer] Mapped {/api/v1/login, POST} route +0ms
[Nest] 21076  - 29/09/2026, 12:02:53 p. m.     LOG [RoutesResolver] DepartmentsController {/api/v1/departments}: +1ms
[Nest] 21076  - 29/09/2026, 12:02:53 p. m.     LOG [RouterExplorer] Mapped {/api/v1/departments, POST} route +0ms
[Nest] 21076  - 29/09/2026, 12:02:53 p. m.     LOG [RouterExplorer] Mapped {/api/v1/departments, GET} route +0ms
[Nest] 21076  - 29/09/2026, 12:02:53 p. m.     LOG [RouterExplorer] Mapped {/api/v1/departments/:uuid, GET} route +1ms
[Nest] 21076  - 29/09/2026, 12:02:53 p. m.     LOG [RouterExplorer] Mapped {/api/v1/departments/:uuid, PATCH} route +0ms
[Nest] 21076  - 29/09/2026, 12:02:53 p. m.     LOG [RouterExplorer] Mapped {/api/v1/departments/:uuid, DELETE} route +0ms
[Nest] 21076  - 29/09/2026, 12:02:53 p. m.     LOG [RoutesResolver] ProvincesController {/api/v1/provinces}: +0ms
[Nest] 21076  - 29/09/2026, 12:02:53 p. m.     LOG [RouterExplorer] Mapped {/api/v1/provinces, POST} route +0ms
[Nest] 21076  - 29/09/2026, 12:02:53 p. m.     LOG [RouterExplorer] Mapped {/api/v1/provinces, GET} route +0ms
[Nest] 21076  - 29/09/2026, 12:02:53 p. m.     LOG [RouterExplorer] Mapped {/api/v1/provinces/by-department/:departmentId, GET} route +1ms
[Nest] 21076  - 29/09/2026, 12:02:53 p. m.     LOG [RouterExplorer] Mapped {/api/v1/provinces/:uuid, GET} route +0ms
[Nest] 21076  - 29/09/2026, 12:02:53 p. m.     LOG [RouterExplorer] Mapped {/api/v1/provinces/:uuid, PATCH} route +0ms
[Nest] 21076  - 29/09/2026, 12:02:53 p. m.     LOG [RouterExplorer] Mapped {/api/v1/provinces/:uuid, DELETE} route +0ms
[Nest] 21076  - 29/09/2026, 12:02:53 p. m.     LOG [RoutesResolver] DistrictsController {/api/v1/districts}: +0ms
[Nest] 21076  - 29/09/2026, 12:02:53 p. m.     LOG [RouterExplorer] Mapped {/api/v1/districts, POST} route +0ms
[Nest] 21076  - 29/09/2026, 12:02:53 p. m.     LOG [RouterExplorer] Mapped {/api/v1/districts, GET} route +1ms
[Nest] 21076  - 29/09/2026, 12:02:53 p. m.     LOG [RouterExplorer] Mapped {/api/v1/districts/by-province/:provinceId, GET} route +0ms
[Nest] 21076  - 29/09/2026, 12:02:53 p. m.     LOG [RouterExplorer] Mapped {/api/v1/districts/:uuid, GET} route +0ms
[Nest] 21076  - 29/09/2026, 12:02:53 p. m.     LOG [RouterExplorer] Mapped {/api/v1/districts/:uuid, PATCH} route +0ms
[Nest] 21076  - 29/09/2026, 12:02:53 p. m.     LOG [RouterExplorer] Mapped {/api/v1/districts/:uuid, DELETE} route +0ms
[Nest] 21076  - 29/09/2026, 12:02:53 p. m.     LOG [RoutesResolver] PropertiesController {/api/v1/properties}: +0ms
[Nest] 21076  - 29/09/2026, 12:02:53 p. m.     LOG [RouterExplorer] Mapped {/api/v1/properties, POST} route +0ms
[Nest] 21076  - 29/09/2026, 12:02:53 p. m.     LOG [RouterExplorer] Mapped {/api/v1/properties, GET} route +0ms
[Nest] 21076  - 29/09/2026, 12:02:53 p. m.     LOG [RouterExplorer] Mapped {/api/v1/properties/:uuid, GET} route +0ms
[Nest] 21076  - 29/09/2026, 12:02:53 p. m.     LOG [RouterExplorer] Mapped {/api/v1/properties/:uuid, PATCH} route +1ms
[Nest] 21076  - 29/09/2026, 12:02:53 p. m.     LOG [RouterExplorer] Mapped {/api/v1/properties/:uuid, DELETE} route +0ms
[Nest] 21076  - 29/09/2026, 12:02:53 p. m.     LOG [RoutesResolver] PropertySettingsController {/api/v1/properties/:propertyId/settings}: +0ms
[Nest] 21076  - 29/09/2026, 12:02:53 p. m.     LOG [RouterExplorer] Mapped {/api/v1/properties/:propertyId/settings, GET} route +0ms
[Nest] 21076  - 29/09/2026, 12:02:53 p. m.     LOG [RouterExplorer] Mapped {/api/v1/properties/:propertyId/settings, PATCH} route +0ms
[Nest] 21076  - 29/09/2026, 12:02:53 p. m.     LOG [RoutesResolver] FloorsController {/api/v1/properties/:propertyId/floors}: +0ms
[Nest] 21076  - 29/09/2026, 12:02:53 p. m.     LOG [RouterExplorer] Mapped {/api/v1/properties/:propertyId/floors, POST} route +0ms
[Nest] 21076  - 29/09/2026, 12:02:53 p. m.     LOG [RouterExplorer] Mapped {/api/v1/properties/:propertyId/floors, GET} route +0ms
[Nest] 21076  - 29/09/2026, 12:02:53 p. m.     LOG [RouterExplorer] Mapped {/api/v1/properties/:propertyId/floors/:uuid, GET} route +1ms
[Nest] 21076  - 29/09/2026, 12:02:53 p. m.     LOG [RouterExplorer] Mapped {/api/v1/properties/:propertyId/floors/:uuid, PATCH} route +0ms
[Nest] 21076  - 29/09/2026, 12:02:53 p. m.     LOG [RouterExplorer] Mapped {/api/v1/properties/:propertyId/floors/:uuid, DELETE} route +0ms
[Nest] 21076  - 29/09/2026, 12:02:53 p. m.     LOG [RoutesResolver] RoomTypesController {/api/v1/properties/:propertyId/room-types}: +0ms
[Nest] 21076  - 29/09/2026, 12:02:53 p. m.     LOG [RouterExplorer] Mapped {/api/v1/properties/:propertyId/room-types, POST} route +0ms
[Nest] 21076  - 29/09/2026, 12:02:53 p. m.     LOG [RouterExplorer] Mapped {/api/v1/properties/:propertyId/room-types, GET} route +0ms
[Nest] 21076  - 29/09/2026, 12:02:53 p. m.     LOG [RouterExplorer] Mapped {/api/v1/properties/:propertyId/room-types/:uuid, GET} route +0ms
[Nest] 21076  - 29/09/2026, 12:02:53 p. m.     LOG [RouterExplorer] Mapped {/api/v1/properties/:propertyId/room-types/:uuid, PATCH} route +2ms
[Nest] 21076  - 29/09/2026, 12:02:53 p. m.     LOG [RouterExplorer] Mapped {/api/v1/properties/:propertyId/room-types/:uuid, DELETE} route +1ms
[Nest] 21076  - 29/09/2026, 12:02:53 p. m.     LOG [RoutesResolver] RoomsController {/api/v1/properties/:propertyId/rooms}: +0ms
[Nest] 21076  - 29/09/2026, 12:02:53 p. m.     LOG [RouterExplorer] Mapped {/api/v1/properties/:propertyId/rooms, POST} route +0ms
[Nest] 21076  - 29/09/2026, 12:02:53 p. m.     LOG [RouterExplorer] Mapped {/api/v1/properties/:propertyId/rooms, GET} route +0ms
[Nest] 21076  - 29/09/2026, 12:02:53 p. m.     LOG [RouterExplorer] Mapped {/api/v1/properties/:propertyId/rooms/:uuid, GET} route +1ms
[Nest] 21076  - 29/09/2026, 12:02:53 p. m.     LOG [RouterExplorer] Mapped {/api/v1/properties/:propertyId/rooms/:uuid, PATCH} route +0ms
[Nest] 21076  - 29/09/2026, 12:02:53 p. m.     LOG [RouterExplorer] Mapped {/api/v1/properties/:propertyId/rooms/:uuid, DELETE} route +0ms
[Nest] 21076  - 29/09/2026, 12:02:53 p. m.     LOG [RoutesResolver] RolesController {/api/v1/properties/:propertyId/roles}: +0ms
[Nest] 21076  - 29/09/2026, 12:02:53 p. m.     LOG [RouterExplorer] Mapped {/api/v1/properties/:propertyId/roles, POST} route +0ms
[Nest] 21076  - 29/09/2026, 12:02:53 p. m.     LOG [RouterExplorer] Mapped {/api/v1/properties/:propertyId/roles, GET} route +1ms
[Nest] 21076  - 29/09/2026, 12:02:53 p. m.     LOG [RouterExplorer] Mapped {/api/v1/properties/:propertyId/roles/:uuid, GET} route +0ms
[Nest] 21076  - 29/09/2026, 12:02:53 p. m.     LOG [RouterExplorer] Mapped {/api/v1/properties/:propertyId/roles/:uuid/permissions, GET} route +0ms
[Nest] 21076  - 29/09/2026, 12:02:53 p. m.     LOG [RouterExplorer] Mapped {/api/v1/properties/:propertyId/roles/:uuid, PATCH} route +0ms
[Nest] 21076  - 29/09/2026, 12:02:53 p. m.     LOG [RouterExplorer] Mapped {/api/v1/properties/:propertyId/roles/:uuid, DELETE} route +0ms
[Nest] 21076  - 29/09/2026, 12:02:53 p. m.     LOG [RoutesResolver] PermissionGroupsController {/api/v1/permission-groups}: +0ms
[Nest] 21076  - 29/09/2026, 12:02:53 p. m.     LOG [RouterExplorer] Mapped {/api/v1/permission-groups, POST} route +1ms
[Nest] 21076  - 29/09/2026, 12:02:53 p. m.     LOG [RouterExplorer] Mapped {/api/v1/permission-groups, GET} route +0ms
[Nest] 21076  - 29/09/2026, 12:02:53 p. m.     LOG [RouterExplorer] Mapped {/api/v1/permission-groups/:uuid, GET} route +0ms
[Nest] 21076  - 29/09/2026, 12:02:53 p. m.     LOG [RouterExplorer] Mapped {/api/v1/permission-groups/:uuid, PATCH} route +0ms
[Nest] 21076  - 29/09/2026, 12:02:53 p. m.     LOG [RouterExplorer] Mapped {/api/v1/permission-groups/:uuid, DELETE} route +0ms
[Nest] 21076  - 29/09/2026, 12:02:53 p. m.     LOG [RoutesResolver] PermissionsController {/api/v1/permissions}: +1ms
[Nest] 21076  - 29/09/2026, 12:02:53 p. m.     LOG [RouterExplorer] Mapped {/api/v1/permissions, POST} route +0ms
[Nest] 21076  - 29/09/2026, 12:02:53 p. m.     LOG [RouterExplorer] Mapped {/api/v1/permissions, GET} route +0ms
[Nest] 21076  - 29/09/2026, 12:02:53 p. m.     LOG [RouterExplorer] Mapped {/api/v1/permissions/by-group/:permissionGroupId, GET} route +0ms
[Nest] 21076  - 29/09/2026, 12:02:53 p. m.     LOG [RouterExplorer] Mapped {/api/v1/permissions/:uuid, GET} route +0ms
[Nest] 21076  - 29/09/2026, 12:02:53 p. m.     LOG [RouterExplorer] Mapped {/api/v1/permissions/:uuid, PATCH} route +0ms
[Nest] 21076  - 29/09/2026, 12:02:53 p. m.     LOG [RouterExplorer] Mapped {/api/v1/permissions/:uuid, DELETE} route +0ms
[Nest] 21076  - 29/09/2026, 12:02:53 p. m.     LOG [RoutesResolver] EmployeesController {/api/v1/properties/:propertyId/employees}: +0ms
[Nest] 21076  - 29/09/2026, 12:02:53 p. m.     LOG [RouterExplorer] Mapped {/api/v1/properties/:propertyId/employees, POST} route +0ms
[Nest] 21076  - 29/09/2026, 12:02:53 p. m.     LOG [RouterExplorer] Mapped {/api/v1/properties/:propertyId/employees, GET} route +1ms
[Nest] 21076  - 29/09/2026, 12:02:53 p. m.     LOG [RouterExplorer] Mapped {/api/v1/properties/:propertyId/employees/:uuid, GET} route +0ms
[Nest] 21076  - 29/09/2026, 12:02:53 p. m.     LOG [RouterExplorer] Mapped {/api/v1/properties/:propertyId/employees/:uuid, PATCH} route +0ms
[Nest] 21076  - 29/09/2026, 12:02:53 p. m.     LOG [RouterExplorer] Mapped {/api/v1/properties/:propertyId/employees/:uuid, DELETE} route +0ms
[Nest] 21076  - 29/09/2026, 12:02:53 p. m.     LOG [RoutesResolver] GuestsController {/api/v1/properties/:propertyId/guests}: +0ms
[Nest] 21076  - 29/09/2026, 12:02:53 p. m.     LOG [RouterExplorer] Mapped {/api/v1/properties/:propertyId/guests, POST} route +0ms
[Nest] 21076  - 29/09/2026, 12:02:53 p. m.     LOG [RouterExplorer] Mapped {/api/v1/properties/:propertyId/guests, GET} route +0ms
[Nest] 21076  - 29/09/2026, 12:02:53 p. m.     LOG [RouterExplorer] Mapped {/api/v1/properties/:propertyId/guests/:uuid, GET} route +0ms
[Nest] 21076  - 29/09/2026, 12:02:53 p. m.     LOG [RouterExplorer] Mapped {/api/v1/properties/:propertyId/guests/:uuid, PATCH} route +0ms
[Nest] 21076  - 29/09/2026, 12:02:53 p. m.     LOG [RouterExplorer] Mapped {/api/v1/properties/:propertyId/guests/:uuid, DELETE} route +1ms
[Nest] 21076  - 29/09/2026, 12:02:53 p. m.     LOG [RoutesResolver] CompaniesController {/api/v1/properties/:propertyId/companies}: +0ms
[Nest] 21076  - 29/09/2026, 12:02:53 p. m.     LOG [RouterExplorer] Mapped {/api/v1/properties/:propertyId/companies, POST} route +0ms
[Nest] 21076  - 29/09/2026, 12:02:53 p. m.     LOG [RouterExplorer] Mapped {/api/v1/properties/:propertyId/companies, GET} route +0ms
[Nest] 21076  - 29/09/2026, 12:02:53 p. m.     LOG [RouterExplorer] Mapped {/api/v1/properties/:propertyId/companies/:uuid, GET} route +0ms
[Nest] 21076  - 29/09/2026, 12:02:53 p. m.     LOG [RouterExplorer] Mapped {/api/v1/properties/:propertyId/companies/:uuid, PATCH} route +0ms
[Nest] 21076  - 29/09/2026, 12:02:53 p. m.     LOG [RouterExplorer] Mapped {/api/v1/properties/:propertyId/companies/:uuid, DELETE} route +0ms
[Nest] 21076  - 29/09/2026, 12:02:53 p. m.     LOG [RoutesResolver] RatesController {/api/v1/properties/:propertyId/rates}: +0ms
[Nest] 21076  - 29/09/2026, 12:02:53 p. m.     LOG [RouterExplorer] Mapped {/api/v1/properties/:propertyId/rates, POST} route +0ms
[Nest] 21076  - 29/09/2026, 12:02:53 p. m.     LOG [RouterExplorer] Mapped {/api/v1/properties/:propertyId/rates, GET} route +0ms
[Nest] 21076  - 29/09/2026, 12:02:53 p. m.     LOG [RouterExplorer] Mapped {/api/v1/properties/:propertyId/rates/:uuid, GET} route +1ms
[Nest] 21076  - 29/09/2026, 12:02:53 p. m.     LOG [RouterExplorer] Mapped {/api/v1/properties/:propertyId/rates/:uuid, PATCH} route +0ms
[Nest] 21076  - 29/09/2026, 12:02:53 p. m.     LOG [RouterExplorer] Mapped {/api/v1/properties/:propertyId/rates/:uuid, DELETE} route +0ms
[Nest] 21076  - 29/09/2026, 12:02:53 p. m.     LOG [RoutesResolver] ReservationsController {/api/v1/properties/:propertyId/reservations}: +0ms
[Nest] 21076  - 29/09/2026, 12:02:53 p. m.     LOG [RouterExplorer] Mapped {/api/v1/properties/:propertyId/reservations, POST} route +0ms
[Nest] 21076  - 29/09/2026, 12:02:53 p. m.     LOG [RouterExplorer] Mapped {/api/v1/properties/:propertyId/reservations, GET} route +0ms
[Nest] 21076  - 29/09/2026, 12:02:53 p. m.     LOG [RouterExplorer] Mapped {/api/v1/properties/:propertyId/reservations/:uuid, GET} route +0ms
[Nest] 21076  - 29/09/2026, 12:02:53 p. m.     LOG [RouterExplorer] Mapped {/api/v1/properties/:propertyId/reservations/:uuid, PATCH} route +0ms
[Nest] 21076  - 29/09/2026, 12:02:53 p. m.     LOG [RouterExplorer] Mapped {/api/v1/properties/:propertyId/reservations/:uuid/cancel, POST} route +1ms
[Nest] 21076  - 29/09/2026, 12:02:53 p. m.     LOG [RoutesResolver] ReservationRoomsController {/api/v1/properties/:propertyId/reservations/:reservationUuid/rooms}: +0ms
[Nest] 21076  - 29/09/2026, 12:02:53 p. m.     LOG [RouterExplorer] Mapped {/api/v1/properties/:propertyId/reservations/:reservationUuid/rooms, GET} route +0ms
[Nest] 21076  - 29/09/2026, 12:02:53 p. m.     LOG [RouterExplorer] Mapped {/api/v1/properties/:propertyId/reservations/:reservationUuid/rooms/:uuid, GET} route +0ms
[Nest] 21076  - 29/09/2026, 12:02:53 p. m.     LOG [RouterExplorer] Mapped {/api/v1/properties/:propertyId/reservations/:reservationUuid/rooms, POST} route +0ms
[Nest] 21076  - 29/09/2026, 12:02:53 p. m.     LOG [RouterExplorer] Mapped {/api/v1/properties/:propertyId/reservations/:reservationUuid/rooms/:uuid, PATCH} route +0ms
[Nest] 21076  - 29/09/2026, 12:02:53 p. m.     LOG [RouterExplorer] Mapped {/api/v1/properties/:propertyId/reservations/:reservationUuid/rooms/:uuid, DELETE} route +0ms
[Nest] 21076  - 29/09/2026, 12:02:53 p. m.     LOG [RouterExplorer] Mapped {/api/v1/properties/:propertyId/reservations/:reservationUuid/rooms/:uuid/check-in, POST} route +0ms
[Nest] 21076  - 29/09/2026, 12:02:53 p. m.     LOG [RouterExplorer] Mapped {/api/v1/properties/:propertyId/reservations/:reservationUuid/rooms/:uuid/check-out, POST} route +1ms
[Nest] 21076  - 29/09/2026, 12:02:53 p. m.     LOG [RoutesResolver] ReservationGuestsController {/api/v1/properties/:propertyId/reservation-rooms/:reservationRoomUuid/guests}: +0ms
[Nest] 21076  - 29/09/2026, 12:02:53 p. m.     LOG [RouterExplorer] Mapped {/api/v1/properties/:propertyId/reservation-rooms/:reservationRoomUuid/guests, GET} route +0ms
[Nest] 21076  - 29/09/2026, 12:02:53 p. m.     LOG [RouterExplorer] Mapped {/api/v1/properties/:propertyId/reservation-rooms/:reservationRoomUuid/guests, POST} route +0ms
[Nest] 21076  - 29/09/2026, 12:02:53 p. m.     LOG [RouterExplorer] Mapped {/api/v1/properties/:propertyId/reservation-rooms/:reservationRoomUuid/guests/:id, PATCH} route +0ms
[Nest] 21076  - 29/09/2026, 12:02:53 p. m.     LOG [RouterExplorer] Mapped {/api/v1/properties/:propertyId/reservation-rooms/:reservationRoomUuid/guests/:id, DELETE} route +0ms
[Nest] 21076  - 29/09/2026, 12:02:53 p. m.     LOG [RoutesResolver] PaymentsController {/api/v1/properties/:propertyId}: +0ms
[Nest] 21076  - 29/09/2026, 12:02:53 p. m.     LOG [RouterExplorer] Mapped {/api/v1/properties/:propertyId/payments, GET} route +0ms
[Nest] 21076  - 29/09/2026, 12:02:53 p. m.     LOG [RouterExplorer] Mapped {/api/v1/properties/:propertyId/payments/:uuid, GET} route +1ms
[Nest] 21076  - 29/09/2026, 12:02:53 p. m.     LOG [RouterExplorer] Mapped {/api/v1/properties/:propertyId/reservations/:reservationUuid/payments, GET} route +0ms
[Nest] 21076  - 29/09/2026, 12:02:53 p. m.     LOG [RouterExplorer] Mapped {/api/v1/properties/:propertyId/reservations/:reservationUuid/payments, POST} route +0ms
[Nest] 21076  - 29/09/2026, 12:02:53 p. m.     LOG [RoutesResolver] AvailabilityController {/api/v1/properties/:propertyId/availability}: +0ms
[Nest] 21076  - 29/09/2026, 12:02:53 p. m.     LOG [RouterExplorer] Mapped {/api/v1/properties/:propertyId/availability, GET} route +0ms
[Nest] 21076  - 29/09/2026, 12:02:53 p. m.     LOG [RoutesResolver] FrontDeskController {/api/v1/properties/:propertyId/front-desk}: +0ms
[Nest] 21076  - 29/09/2026, 12:02:53 p. m.     LOG [RouterExplorer] Mapped {/api/v1/properties/:propertyId/front-desk, GET} route +0ms
[Nest] 21076  - 29/09/2026, 12:02:53 p. m.     LOG [RouterExplorer] Mapped {/api/v1/properties/:propertyId/front-desk/walk-in, POST} route +0ms
[Nest] 21076  - 29/09/2026, 12:02:53 p. m.     LOG [RoutesResolver] PlanningController {/api/v1/properties/:propertyId/planning}: +0ms
[Nest] 21076  - 29/09/2026, 12:02:53 p. m.     LOG [RouterExplorer] Mapped {/api/v1/properties/:propertyId/planning, GET} route +0ms
[Nest] 21076  - 29/09/2026, 12:02:53 p. m.     LOG [RoutesResolver] ReportsController {/api/v1/properties/:propertyId/reports}: +0ms
[Nest] 21076  - 29/09/2026, 12:02:53 p. m.     LOG [RouterExplorer] Mapped {/api/v1/properties/:propertyId/reports/guest-sheet, GET} route +1ms
[Nest] 21076  - 29/09/2026, 12:02:53 p. m.     LOG [NestApplication] Nest application successfully started +50ms
Swagger: http://localhost:3000/docs/
[2J[3J[H[[90m12:02:57 p. m.[0m] File change detected. Starting incremental compilation...

[[90m12:02:58 p. m.[0m] Found 0 errors. Watching for file changes.

[2J[3J[H[[90m12:02:58 p. m.[0m] File change detected. Starting incremental compilation...

[[90m12:02:59 p. m.[0m] Found 0 errors. Watching for file changes.

[Nest] 22024  - 29/09/2026, 12:03:01 p. m.     LOG [NestFactory] Starting Nest application...
[Nest] 22024  - 29/09/2026, 12:03:01 p. m.     LOG [InstanceLoader] AppModule dependencies initialized +34ms
[Nest] 22024  - 29/09/2026, 12:03:01 p. m.     LOG [InstanceLoader] PrismaModule dependencies initialized +0ms
[Nest] 22024  - 29/09/2026, 12:03:01 p. m.     LOG [InstanceLoader] JwtModule dependencies initialized +13ms
[Nest] 22024  - 29/09/2026, 12:03:01 p. m.     LOG [InstanceLoader] DepartmentsModule dependencies initialized +2ms
[Nest] 22024  - 29/09/2026, 12:03:01 p. m.     LOG [InstanceLoader] PermissionGroupsModule dependencies initialized +0ms
[Nest] 22024  - 29/09/2026, 12:03:01 p. m.     LOG [InstanceLoader] ProvincesModule dependencies initialized +1ms
[Nest] 22024  - 29/09/2026, 12:03:01 p. m.     LOG [InstanceLoader] DistrictsModule dependencies initialized +0ms
[Nest] 22024  - 29/09/2026, 12:03:01 p. m.     LOG [InstanceLoader] PropertiesModule dependencies initialized +0ms
[Nest] 22024  - 29/09/2026, 12:03:01 p. m.     LOG [InstanceLoader] FloorsModule dependencies initialized +0ms
[Nest] 22024  - 29/09/2026, 12:03:01 p. m.     LOG [InstanceLoader] RoomTypesModule dependencies initialized +0ms
[Nest] 22024  - 29/09/2026, 12:03:01 p. m.     LOG [InstanceLoader] RoomsModule dependencies initialized +0ms
[Nest] 22024  - 29/09/2026, 12:03:01 p. m.     LOG [InstanceLoader] RolesModule dependencies initialized +0ms
[Nest] 22024  - 29/09/2026, 12:03:01 p. m.     LOG [InstanceLoader] PermissionsModule dependencies initialized +0ms
[Nest] 22024  - 29/09/2026, 12:03:01 p. m.     LOG [InstanceLoader] EmployeesModule dependencies initialized +0ms
[Nest] 22024  - 29/09/2026, 12:03:01 p. m.     LOG [InstanceLoader] GuestsModule dependencies initialized +1ms
[Nest] 22024  - 29/09/2026, 12:03:01 p. m.     LOG [InstanceLoader] CompaniesModule dependencies initialized +0ms
[Nest] 22024  - 29/09/2026, 12:03:01 p. m.     LOG [InstanceLoader] RatesModule dependencies initialized +0ms
[Nest] 22024  - 29/09/2026, 12:03:01 p. m.     LOG [InstanceLoader] ReportsModule dependencies initialized +0ms
[Nest] 22024  - 29/09/2026, 12:03:01 p. m.     LOG [InstanceLoader] AuthModule dependencies initialized +0ms
[Nest] 22024  - 29/09/2026, 12:03:01 p. m.     LOG [InstanceLoader] ReservationsModule dependencies initialized +0ms
[Nest] 22024  - 29/09/2026, 12:03:01 p. m.     LOG [RoutesResolver] AuthController {/api/v1/auth}: +161ms
[Nest] 22024  - 29/09/2026, 12:03:01 p. m.     LOG [RouterExplorer] Mapped {/api/v1/auth/login, POST} route +4ms
[Nest] 22024  - 29/09/2026, 12:03:01 p. m.     LOG [RouterExplorer] Mapped {/api/v1/auth/google, POST} route +0ms
[Nest] 22024  - 29/09/2026, 12:03:01 p. m.     LOG [RouterExplorer] Mapped {/api/v1/auth/google, GET} route +1ms
[Nest] 22024  - 29/09/2026, 12:03:01 p. m.     LOG [RouterExplorer] Mapped {/api/v1/auth/google/callback, GET} route +0ms
[Nest] 22024  - 29/09/2026, 12:03:01 p. m.     LOG [RouterExplorer] Mapped {/api/v1/auth/me, GET} route +0ms
[Nest] 22024  - 29/09/2026, 12:03:01 p. m.     LOG [RouterExplorer] Mapped {/api/v1/auth/logout, POST} route +0ms
[Nest] 22024  - 29/09/2026, 12:03:01 p. m.     LOG [RouterExplorer] Mapped {/api/v1/auth/google/logout, POST} route +1ms
[Nest] 22024  - 29/09/2026, 12:03:01 p. m.     LOG [RoutesResolver] MaterioLoginController {/api/v1}: +0ms
[Nest] 22024  - 29/09/2026, 12:03:01 p. m.     LOG [RouterExplorer] Mapped {/api/v1/login, POST} route +0ms
[Nest] 22024  - 29/09/2026, 12:03:01 p. m.     LOG [RoutesResolver] DepartmentsController {/api/v1/departments}: +0ms
[Nest] 22024  - 29/09/2026, 12:03:01 p. m.     LOG [RouterExplorer] Mapped {/api/v1/departments, POST} route +0ms
[Nest] 22024  - 29/09/2026, 12:03:01 p. m.     LOG [RouterExplorer] Mapped {/api/v1/departments, GET} route +1ms
[Nest] 22024  - 29/09/2026, 12:03:01 p. m.     LOG [RouterExplorer] Mapped {/api/v1/departments/:uuid, GET} route +0ms
[Nest] 22024  - 29/09/2026, 12:03:01 p. m.     LOG [RouterExplorer] Mapped {/api/v1/departments/:uuid, PATCH} route +0ms
[Nest] 22024  - 29/09/2026, 12:03:01 p. m.     LOG [RouterExplorer] Mapped {/api/v1/departments/:uuid, DELETE} route +0ms
[Nest] 22024  - 29/09/2026, 12:03:01 p. m.     LOG [RoutesResolver] ProvincesController {/api/v1/provinces}: +1ms
[Nest] 22024  - 29/09/2026, 12:03:01 p. m.     LOG [RouterExplorer] Mapped {/api/v1/provinces, POST} route +0ms
[Nest] 22024  - 29/09/2026, 12:03:01 p. m.     LOG [RouterExplorer] Mapped {/api/v1/provinces, GET} route +0ms
[Nest] 22024  - 29/09/2026, 12:03:01 p. m.     LOG [RouterExplorer] Mapped {/api/v1/provinces/by-department/:departmentId, GET} route +0ms
[Nest] 22024  - 29/09/2026, 12:03:01 p. m.     LOG [RouterExplorer] Mapped {/api/v1/provinces/:uuid, GET} route +0ms
[Nest] 22024  - 29/09/2026, 12:03:01 p. m.     LOG [RouterExplorer] Mapped {/api/v1/provinces/:uuid, PATCH} route +0ms
[Nest] 22024  - 29/09/2026, 12:03:01 p. m.     LOG [RouterExplorer] Mapped {/api/v1/provinces/:uuid, DELETE} route +1ms
[Nest] 22024  - 29/09/2026, 12:03:01 p. m.     LOG [RoutesResolver] DistrictsController {/api/v1/districts}: +0ms
[Nest] 22024  - 29/09/2026, 12:03:01 p. m.     LOG [RouterExplorer] Mapped {/api/v1/districts, POST} route +0ms
[Nest] 22024  - 29/09/2026, 12:03:01 p. m.     LOG [RouterExplorer] Mapped {/api/v1/districts, GET} route +0ms
[Nest] 22024  - 29/09/2026, 12:03:01 p. m.     LOG [RouterExplorer] Mapped {/api/v1/districts/by-province/:provinceId, GET} route +0ms
[Nest] 22024  - 29/09/2026, 12:03:01 p. m.     LOG [RouterExplorer] Mapped {/api/v1/districts/:uuid, GET} route +0ms
[Nest] 22024  - 29/09/2026, 12:03:01 p. m.     LOG [RouterExplorer] Mapped {/api/v1/districts/:uuid, PATCH} route +0ms
[Nest] 22024  - 29/09/2026, 12:03:01 p. m.     LOG [RouterExplorer] Mapped {/api/v1/districts/:uuid, DELETE} route +0ms
[Nest] 22024  - 29/09/2026, 12:03:01 p. m.     LOG [RoutesResolver] PropertiesController {/api/v1/properties}: +0ms
[Nest] 22024  - 29/09/2026, 12:03:01 p. m.     LOG [RouterExplorer] Mapped {/api/v1/properties, POST} route +1ms
[Nest] 22024  - 29/09/2026, 12:03:01 p. m.     LOG [RouterExplorer] Mapped {/api/v1/properties, GET} route +0ms
[Nest] 22024  - 29/09/2026, 12:03:01 p. m.     LOG [RouterExplorer] Mapped {/api/v1/properties/:uuid, GET} route +0ms
[Nest] 22024  - 29/09/2026, 12:03:01 p. m.     LOG [RouterExplorer] Mapped {/api/v1/properties/:uuid, PATCH} route +0ms
[Nest] 22024  - 29/09/2026, 12:03:01 p. m.     LOG [RouterExplorer] Mapped {/api/v1/properties/:uuid, DELETE} route +0ms
[Nest] 22024  - 29/09/2026, 12:03:01 p. m.     LOG [RoutesResolver] PropertySettingsController {/api/v1/properties/:propertyId/settings}: +0ms
[Nest] 22024  - 29/09/2026, 12:03:01 p. m.     LOG [RouterExplorer] Mapped {/api/v1/properties/:propertyId/settings, GET} route +1ms
[Nest] 22024  - 29/09/2026, 12:03:01 p. m.     LOG [RouterExplorer] Mapped {/api/v1/properties/:propertyId/settings, PATCH} route +0ms
[Nest] 22024  - 29/09/2026, 12:03:01 p. m.     LOG [RoutesResolver] FloorsController {/api/v1/properties/:propertyId/floors}: +0ms
[Nest] 22024  - 29/09/2026, 12:03:01 p. m.     LOG [RouterExplorer] Mapped {/api/v1/properties/:propertyId/floors, POST} route +0ms
[Nest] 22024  - 29/09/2026, 12:03:01 p. m.     LOG [RouterExplorer] Mapped {/api/v1/properties/:propertyId/floors, GET} route +1ms
[Nest] 22024  - 29/09/2026, 12:03:01 p. m.     LOG [RouterExplorer] Mapped {/api/v1/properties/:propertyId/floors/:uuid, GET} route +0ms
[Nest] 22024  - 29/09/2026, 12:03:01 p. m.     LOG [RouterExplorer] Mapped {/api/v1/properties/:propertyId/floors/:uuid, PATCH} route +0ms
[Nest] 22024  - 29/09/2026, 12:03:01 p. m.     LOG [RouterExplorer] Mapped {/api/v1/properties/:propertyId/floors/:uuid, DELETE} route +0ms
[Nest] 22024  - 29/09/2026, 12:03:01 p. m.     LOG [RoutesResolver] RoomTypesController {/api/v1/properties/:propertyId/room-types}: +1ms
[Nest] 22024  - 29/09/2026, 12:03:01 p. m.     LOG [RouterExplorer] Mapped {/api/v1/properties/:propertyId/room-types, POST} route +1ms
[Nest] 22024  - 29/09/2026, 12:03:01 p. m.     LOG [RouterExplorer] Mapped {/api/v1/properties/:propertyId/room-types, GET} route +0ms
[Nest] 22024  - 29/09/2026, 12:03:01 p. m.     LOG [RouterExplorer] Mapped {/api/v1/properties/:propertyId/room-types/:uuid, GET} route +0ms
[Nest] 22024  - 29/09/2026, 12:03:01 p. m.     LOG [RouterExplorer] Mapped {/api/v1/properties/:propertyId/room-types/:uuid, PATCH} route +0ms
[Nest] 22024  - 29/09/2026, 12:03:01 p. m.     LOG [RouterExplorer] Mapped {/api/v1/properties/:propertyId/room-types/:uuid, DELETE} route +0ms
[Nest] 22024  - 29/09/2026, 12:03:01 p. m.     LOG [RoutesResolver] RoomsController {/api/v1/properties/:propertyId/rooms}: +1ms
[Nest] 22024  - 29/09/2026, 12:03:01 p. m.     LOG [RouterExplorer] Mapped {/api/v1/properties/:propertyId/rooms, POST} route +0ms
[Nest] 22024  - 29/09/2026, 12:03:01 p. m.     LOG [RouterExplorer] Mapped {/api/v1/properties/:propertyId/rooms, GET} route +0ms
[Nest] 22024  - 29/09/2026, 12:03:01 p. m.     LOG [RouterExplorer] Mapped {/api/v1/properties/:propertyId/rooms/:uuid, GET} route +0ms
[Nest] 22024  - 29/09/2026, 12:03:01 p. m.     LOG [RouterExplorer] Mapped {/api/v1/properties/:propertyId/rooms/:uuid, PATCH} route +0ms
[Nest] 22024  - 29/09/2026, 12:03:01 p. m.     LOG [RouterExplorer] Mapped {/api/v1/properties/:propertyId/rooms/:uuid, DELETE} route +0ms
[Nest] 22024  - 29/09/2026, 12:03:01 p. m.     LOG [RoutesResolver] RolesController {/api/v1/properties/:propertyId/roles}: +1ms
[Nest] 22024  - 29/09/2026, 12:03:01 p. m.     LOG [RouterExplorer] Mapped {/api/v1/properties/:propertyId/roles, POST} route +0ms
[Nest] 22024  - 29/09/2026, 12:03:01 p. m.     LOG [RouterExplorer] Mapped {/api/v1/properties/:propertyId/roles, GET} route +0ms
[Nest] 22024  - 29/09/2026, 12:03:01 p. m.     LOG [RouterExplorer] Mapped {/api/v1/properties/:propertyId/roles/:uuid, GET} route +0ms
[Nest] 22024  - 29/09/2026, 12:03:01 p. m.     LOG [RouterExplorer] Mapped {/api/v1/properties/:propertyId/roles/:uuid/permissions, GET} route +1ms
[Nest] 22024  - 29/09/2026, 12:03:01 p. m.     LOG [RouterExplorer] Mapped {/api/v1/properties/:propertyId/roles/:uuid, PATCH} route +0ms
[Nest] 22024  - 29/09/2026, 12:03:01 p. m.     LOG [RouterExplorer] Mapped {/api/v1/properties/:propertyId/roles/:uuid, DELETE} route +0ms
[Nest] 22024  - 29/09/2026, 12:03:01 p. m.     LOG [RoutesResolver] PermissionGroupsController {/api/v1/permission-groups}: +0ms
[Nest] 22024  - 29/09/2026, 12:03:01 p. m.     LOG [RouterExplorer] Mapped {/api/v1/permission-groups, POST} route +1ms
[Nest] 22024  - 29/09/2026, 12:03:01 p. m.     LOG [RouterExplorer] Mapped {/api/v1/permission-groups, GET} route +0ms
[Nest] 22024  - 29/09/2026, 12:03:01 p. m.     LOG [RouterExplorer] Mapped {/api/v1/permission-groups/:uuid, GET} route +0ms
[Nest] 22024  - 29/09/2026, 12:03:01 p. m.     LOG [RouterExplorer] Mapped {/api/v1/permission-groups/:uuid, PATCH} route +0ms
[Nest] 22024  - 29/09/2026, 12:03:01 p. m.     LOG [RouterExplorer] Mapped {/api/v1/permission-groups/:uuid, DELETE} route +0ms
[Nest] 22024  - 29/09/2026, 12:03:01 p. m.     LOG [RoutesResolver] PermissionsController {/api/v1/permissions}: +0ms
[Nest] 22024  - 29/09/2026, 12:03:01 p. m.     LOG [RouterExplorer] Mapped {/api/v1/permissions, POST} route +0ms
[Nest] 22024  - 29/09/2026, 12:03:01 p. m.     LOG [RouterExplorer] Mapped {/api/v1/permissions, GET} route +1ms
[Nest] 22024  - 29/09/2026, 12:03:01 p. m.     LOG [RouterExplorer] Mapped {/api/v1/permissions/by-group/:permissionGroupId, GET} route +0ms
[Nest] 22024  - 29/09/2026, 12:03:01 p. m.     LOG [RouterExplorer] Mapped {/api/v1/permissions/:uuid, GET} route +0ms
[Nest] 22024  - 29/09/2026, 12:03:01 p. m.     LOG [RouterExplorer] Mapped {/api/v1/permissions/:uuid, PATCH} route +0ms
[Nest] 22024  - 29/09/2026, 12:03:01 p. m.     LOG [RouterExplorer] Mapped {/api/v1/permissions/:uuid, DELETE} route +0ms
[Nest] 22024  - 29/09/2026, 12:03:01 p. m.     LOG [RoutesResolver] EmployeesController {/api/v1/properties/:propertyId/employees}: +0ms
[Nest] 22024  - 29/09/2026, 12:03:01 p. m.     LOG [RouterExplorer] Mapped {/api/v1/properties/:propertyId/employees, POST} route +0ms
[Nest] 22024  - 29/09/2026, 12:03:01 p. m.     LOG [RouterExplorer] Mapped {/api/v1/properties/:propertyId/employees, GET} route +1ms
[Nest] 22024  - 29/09/2026, 12:03:01 p. m.     LOG [RouterExplorer] Mapped {/api/v1/properties/:propertyId/employees/:uuid, GET} route +0ms
[Nest] 22024  - 29/09/2026, 12:03:01 p. m.     LOG [RouterExplorer] Mapped {/api/v1/properties/:propertyId/employees/:uuid, PATCH} route +0ms
[Nest] 22024  - 29/09/2026, 12:03:01 p. m.     LOG [RouterExplorer] Mapped {/api/v1/properties/:propertyId/employees/:uuid, DELETE} route +0ms
[Nest] 22024  - 29/09/2026, 12:03:01 p. m.     LOG [RoutesResolver] GuestsController {/api/v1/properties/:propertyId/guests}: +0ms
[Nest] 22024  - 29/09/2026, 12:03:01 p. m.     LOG [RouterExplorer] Mapped {/api/v1/properties/:propertyId/guests, POST} route +0ms
[Nest] 22024  - 29/09/2026, 12:03:01 p. m.     LOG [RouterExplorer] Mapped {/api/v1/properties/:propertyId/guests, GET} route +0ms
[Nest] 22024  - 29/09/2026, 12:03:01 p. m.     LOG [RouterExplorer] Mapped {/api/v1/properties/:propertyId/guests/:uuid, GET} route +0ms
[Nest] 22024  - 29/09/2026, 12:03:01 p. m.     LOG [RouterExplorer] Mapped {/api/v1/properties/:propertyId/guests/:uuid, PATCH} route +0ms
[Nest] 22024  - 29/09/2026, 12:03:01 p. m.     LOG [RouterExplorer] Mapped {/api/v1/properties/:propertyId/guests/:uuid, DELETE} route +1ms
[Nest] 22024  - 29/09/2026, 12:03:01 p. m.     LOG [RoutesResolver] CompaniesController {/api/v1/properties/:propertyId/companies}: +0ms
[Nest] 22024  - 29/09/2026, 12:03:01 p. m.     LOG [RouterExplorer] Mapped {/api/v1/properties/:propertyId/companies, POST} route +0ms
[Nest] 22024  - 29/09/2026, 12:03:01 p. m.     LOG [RouterExplorer] Mapped {/api/v1/properties/:propertyId/companies, GET} route +0ms
[Nest] 22024  - 29/09/2026, 12:03:01 p. m.     LOG [RouterExplorer] Mapped {/api/v1/properties/:propertyId/companies/:uuid, GET} route +0ms
[Nest] 22024  - 29/09/2026, 12:03:01 p. m.     LOG [RouterExplorer] Mapped {/api/v1/properties/:propertyId/companies/:uuid, PATCH} route +0ms
[Nest] 22024  - 29/09/2026, 12:03:01 p. m.     LOG [RouterExplorer] Mapped {/api/v1/properties/:propertyId/companies/:uuid, DELETE} route +0ms
[Nest] 22024  - 29/09/2026, 12:03:01 p. m.     LOG [RoutesResolver] RatesController {/api/v1/properties/:propertyId/rates}: +0ms
[Nest] 22024  - 29/09/2026, 12:03:01 p. m.     LOG [RouterExplorer] Mapped {/api/v1/properties/:propertyId/rates, POST} route +0ms
[Nest] 22024  - 29/09/2026, 12:03:01 p. m.     LOG [RouterExplorer] Mapped {/api/v1/properties/:propertyId/rates, GET} route +1ms
[Nest] 22024  - 29/09/2026, 12:03:01 p. m.     LOG [RouterExplorer] Mapped {/api/v1/properties/:propertyId/rates/:uuid, GET} route +0ms
[Nest] 22024  - 29/09/2026, 12:03:01 p. m.     LOG [RouterExplorer] Mapped {/api/v1/properties/:propertyId/rates/:uuid, PATCH} route +0ms
[Nest] 22024  - 29/09/2026, 12:03:01 p. m.     LOG [RouterExplorer] Mapped {/api/v1/properties/:propertyId/rates/:uuid, DELETE} route +0ms
[Nest] 22024  - 29/09/2026, 12:03:01 p. m.     LOG [RoutesResolver] ReservationsController {/api/v1/properties/:propertyId/reservations}: +0ms
[Nest] 22024  - 29/09/2026, 12:03:01 p. m.     LOG [RouterExplorer] Mapped {/api/v1/properties/:propertyId/reservations, POST} route +0ms
[Nest] 22024  - 29/09/2026, 12:03:01 p. m.     LOG [RouterExplorer] Mapped {/api/v1/properties/:propertyId/reservations, GET} route +0ms
[Nest] 22024  - 29/09/2026, 12:03:01 p. m.     LOG [RouterExplorer] Mapped {/api/v1/properties/:propertyId/reservations/:uuid, GET} route +0ms
[Nest] 22024  - 29/09/2026, 12:03:01 p. m.     LOG [RouterExplorer] Mapped {/api/v1/properties/:propertyId/reservations/:uuid, PATCH} route +0ms
[Nest] 22024  - 29/09/2026, 12:03:01 p. m.     LOG [RouterExplorer] Mapped {/api/v1/properties/:propertyId/reservations/:uuid/cancel, POST} route +1ms
[Nest] 22024  - 29/09/2026, 12:03:01 p. m.     LOG [RoutesResolver] ReservationRoomsController {/api/v1/properties/:propertyId/reservations/:reservationUuid/rooms}: +0ms
[Nest] 22024  - 29/09/2026, 12:03:01 p. m.     LOG [RouterExplorer] Mapped {/api/v1/properties/:propertyId/reservations/:reservationUuid/rooms, GET} route +0ms
[Nest] 22024  - 29/09/2026, 12:03:01 p. m.     LOG [RouterExplorer] Mapped {/api/v1/properties/:propertyId/reservations/:reservationUuid/rooms/:uuid, GET} route +0ms
[Nest] 22024  - 29/09/2026, 12:03:01 p. m.     LOG [RouterExplorer] Mapped {/api/v1/properties/:propertyId/reservations/:reservationUuid/rooms, POST} route +0ms
[Nest] 22024  - 29/09/2026, 12:03:01 p. m.     LOG [RouterExplorer] Mapped {/api/v1/properties/:propertyId/reservations/:reservationUuid/rooms/:uuid, PATCH} route +0ms
[Nest] 22024  - 29/09/2026, 12:03:01 p. m.     LOG [RouterExplorer] Mapped {/api/v1/properties/:propertyId/reservations/:reservationUuid/rooms/:uuid, DELETE} route +0ms
[Nest] 22024  - 29/09/2026, 12:03:01 p. m.     LOG [RouterExplorer] Mapped {/api/v1/properties/:propertyId/reservations/:reservationUuid/rooms/:uuid/check-in, POST} route +0ms
[Nest] 22024  - 29/09/2026, 12:03:01 p. m.     LOG [RouterExplorer] Mapped {/api/v1/properties/:propertyId/reservations/:reservationUuid/rooms/:uuid/check-out, POST} route +1ms
[Nest] 22024  - 29/09/2026, 12:03:01 p. m.     LOG [RoutesResolver] ReservationGuestsController {/api/v1/properties/:propertyId/reservation-rooms/:reservationRoomUuid/guests}: +0ms
[Nest] 22024  - 29/09/2026, 12:03:01 p. m.     LOG [RouterExplorer] Mapped {/api/v1/properties/:propertyId/reservation-rooms/:reservationRoomUuid/guests, GET} route +0ms
[Nest] 22024  - 29/09/2026, 12:03:01 p. m.     LOG [RouterExplorer] Mapped {/api/v1/properties/:propertyId/reservation-rooms/:reservationRoomUuid/guests, POST} route +0ms
[Nest] 22024  - 29/09/2026, 12:03:01 p. m.     LOG [RouterExplorer] Mapped {/api/v1/properties/:propertyId/reservation-rooms/:reservationRoomUuid/guests/:id, PATCH} route +0ms
[Nest] 22024  - 29/09/2026, 12:03:01 p. m.     LOG [RouterExplorer] Mapped {/api/v1/properties/:propertyId/reservation-rooms/:reservationRoomUuid/guests/:id, DELETE} route +0ms
[Nest] 22024  - 29/09/2026, 12:03:01 p. m.     LOG [RoutesResolver] PaymentsController {/api/v1/properties/:propertyId}: +0ms
[Nest] 22024  - 29/09/2026, 12:03:01 p. m.     LOG [RouterExplorer] Mapped {/api/v1/properties/:propertyId/payments, GET} route +1ms
[Nest] 22024  - 29/09/2026, 12:03:01 p. m.     LOG [RouterExplorer] Mapped {/api/v1/properties/:propertyId/payments/:uuid, GET} route +0ms
[Nest] 22024  - 29/09/2026, 12:03:01 p. m.     LOG [RouterExplorer] Mapped {/api/v1/properties/:propertyId/reservations/:reservationUuid/payments, GET} route +0ms
[Nest] 22024  - 29/09/2026, 12:03:01 p. m.     LOG [RouterExplorer] Mapped {/api/v1/properties/:propertyId/reservations/:reservationUuid/payments, POST} route +0ms
[Nest] 22024  - 29/09/2026, 12:03:01 p. m.     LOG [RoutesResolver] AvailabilityController {/api/v1/properties/:propertyId/availability}: +0ms
[Nest] 22024  - 29/09/2026, 12:03:01 p. m.     LOG [RouterExplorer] Mapped {/api/v1/properties/:propertyId/availability, GET} route +0ms
[Nest] 22024  - 29/09/2026, 12:03:01 p. m.     LOG [RoutesResolver] FrontDeskController {/api/v1/properties/:propertyId/front-desk}: +0ms
[Nest] 22024  - 29/09/2026, 12:03:01 p. m.     LOG [RouterExplorer] Mapped {/api/v1/properties/:propertyId/front-desk, GET} route +0ms
[Nest] 22024  - 29/09/2026, 12:03:01 p. m.     LOG [RouterExplorer] Mapped {/api/v1/properties/:propertyId/front-desk/walk-in, POST} route +1ms
[Nest] 22024  - 29/09/2026, 12:03:01 p. m.     LOG [RoutesResolver] PlanningController {/api/v1/properties/:propertyId/planning}: +0ms
[Nest] 22024  - 29/09/2026, 12:03:01 p. m.     LOG [RouterExplorer] Mapped {/api/v1/properties/:propertyId/planning, GET} route +0ms
[Nest] 22024  - 29/09/2026, 12:03:01 p. m.     LOG [RoutesResolver] ReportsController {/api/v1/properties/:propertyId/reports}: +0ms
[Nest] 22024  - 29/09/2026, 12:03:01 p. m.     LOG [RouterExplorer] Mapped {/api/v1/properties/:propertyId/reports/guest-sheet, GET} route +0ms
[Nest] 22024  - 29/09/2026, 12:03:01 p. m.     LOG [NestApplication] Nest application successfully started +60ms
Swagger: http://localhost:3000/docs/
[2J[3J[H[[90m2:25:27 p. m.[0m] File change detected. Starting incremental compilation...

[[90m2:25:40 p. m.[0m] Found 0 errors. Watching for file changes.

[2J[3J[H[[90m2:25:41 p. m.[0m] File change detected. Starting incremental compilation...

[[90m2:25:43 p. m.[0m] Found 0 errors. Watching for file changes.

[2J[3J[H[[90m2:25:43 p. m.[0m] File change detected. Starting incremental compilation...

[[90m2:25:45 p. m.[0m] Found 0 errors. Watching for file changes.

[2J[3J[H[[90m2:25:45 p. m.[0m] File change detected. Starting incremental compilation...

[[90m2:25:46 p. m.[0m] Found 0 errors. Watching for file changes.

[2J[3J[H[[90m2:25:47 p. m.[0m] File change detected. Starting incremental compilation...

[[90m2:25:48 p. m.[0m] Found 0 errors. Watching for file changes.

[2J[3J[H[[90m2:25:48 p. m.[0m] File change detected. Starting incremental compilation...

[[90m2:25:49 p. m.[0m] Found 0 errors. Watching for file changes.

[2J[3J[H[[90m2:25:49 p. m.[0m] File change detected. Starting incremental compilation...

[[90m2:25:50 p. m.[0m] Found 0 errors. Watching for file changes.

[2J[3J[H[[90m2:25:52 p. m.[0m] File change detected. Starting incremental compilation...

[[90m2:25:52 p. m.[0m] Found 0 errors. Watching for file changes.

[2J[3J[H[[90m2:25:54 p. m.[0m] File change detected. Starting incremental compilation...

[[90m2:25:55 p. m.[0m] Found 0 errors. Watching for file changes.

[2J[3J[H[[90m2:25:58 p. m.[0m] File change detected. Starting incremental compilation...

[Nest] 18964  - 29/09/2026, 2:25:58 p. m.     LOG [NestFactory] Starting Nest application...
[Nest] 18964  - 29/09/2026, 2:25:58 p. m.     LOG [InstanceLoader] AppModule dependencies initialized +21ms
[Nest] 18964  - 29/09/2026, 2:25:58 p. m.     LOG [InstanceLoader] PrismaModule dependencies initialized +0ms
[Nest] 18964  - 29/09/2026, 2:25:58 p. m.     LOG [InstanceLoader] JwtModule dependencies initialized +34ms
[Nest] 18964  - 29/09/2026, 2:25:58 p. m.     LOG [InstanceLoader] DepartmentsModule dependencies initialized +1ms
[Nest] 18964  - 29/09/2026, 2:25:58 p. m.     LOG [InstanceLoader] PermissionGroupsModule dependencies initialized +0ms
[Nest] 18964  - 29/09/2026, 2:25:58 p. m.     LOG [InstanceLoader] ProvincesModule dependencies initialized +1ms
[Nest] 18964  - 29/09/2026, 2:25:58 p. m.     LOG [InstanceLoader] DistrictsModule dependencies initialized +0ms
[Nest] 18964  - 29/09/2026, 2:25:58 p. m.     LOG [InstanceLoader] PropertiesModule dependencies initialized +0ms
[Nest] 18964  - 29/09/2026, 2:25:58 p. m.     LOG [InstanceLoader] FloorsModule dependencies initialized +0ms
[Nest] 18964  - 29/09/2026, 2:25:58 p. m.     LOG [InstanceLoader] RoomTypesModule dependencies initialized +1ms
[Nest] 18964  - 29/09/2026, 2:25:58 p. m.     LOG [InstanceLoader] RoomsModule dependencies initialized +0ms
[Nest] 18964  - 29/09/2026, 2:25:58 p. m.     LOG [InstanceLoader] RolesModule dependencies initialized +0ms
[Nest] 18964  - 29/09/2026, 2:25:58 p. m.     LOG [InstanceLoader] PermissionsModule dependencies initialized +0ms
[Nest] 18964  - 29/09/2026, 2:25:58 p. m.     LOG [InstanceLoader] EmployeesModule dependencies initialized +0ms
[Nest] 18964  - 29/09/2026, 2:25:58 p. m.     LOG [InstanceLoader] GuestsModule dependencies initialized +0ms
[Nest] 18964  - 29/09/2026, 2:25:58 p. m.     LOG [InstanceLoader] CompaniesModule dependencies initialized +0ms
[Nest] 18964  - 29/09/2026, 2:25:58 p. m.     LOG [InstanceLoader] RatesModule dependencies initialized +0ms
[Nest] 18964  - 29/09/2026, 2:25:58 p. m.     LOG [InstanceLoader] ReportsModule dependencies initialized +0ms
[Nest] 18964  - 29/09/2026, 2:25:58 p. m.     LOG [InstanceLoader] AuthModule dependencies initialized +0ms
[Nest] 18964  - 29/09/2026, 2:25:58 p. m.     LOG [InstanceLoader] ReservationsModule dependencies initialized +0ms
[Nest] 18964  - 29/09/2026, 2:25:58 p. m.     LOG [RoutesResolver] AuthController {/api/v1/auth}: +106ms
[Nest] 18964  - 29/09/2026, 2:25:58 p. m.     LOG [RouterExplorer] Mapped {/api/v1/auth/login, POST} route +3ms
[Nest] 18964  - 29/09/2026, 2:25:58 p. m.     LOG [RouterExplorer] Mapped {/api/v1/auth/google, POST} route +0ms
[Nest] 18964  - 29/09/2026, 2:25:58 p. m.     LOG [RouterExplorer] Mapped {/api/v1/auth/google, GET} route +0ms
[Nest] 18964  - 29/09/2026, 2:25:58 p. m.     LOG [RouterExplorer] Mapped {/api/v1/auth/google/callback, GET} route +0ms
[Nest] 18964  - 29/09/2026, 2:25:58 p. m.     LOG [RouterExplorer] Mapped {/api/v1/auth/me, GET} route +1ms
[Nest] 18964  - 29/09/2026, 2:25:58 p. m.     LOG [RouterExplorer] Mapped {/api/v1/auth/logout, POST} route +0ms
[Nest] 18964  - 29/09/2026, 2:25:58 p. m.     LOG [RouterExplorer] Mapped {/api/v1/auth/google/logout, POST} route +0ms
[Nest] 18964  - 29/09/2026, 2:25:58 p. m.     LOG [RoutesResolver] MaterioLoginController {/api/v1}: +0ms
[Nest] 18964  - 29/09/2026, 2:25:58 p. m.     LOG [RouterExplorer] Mapped {/api/v1/login, POST} route +0ms
[Nest] 18964  - 29/09/2026, 2:25:58 p. m.     LOG [RoutesResolver] DepartmentsController {/api/v1/departments}: +0ms
[Nest] 18964  - 29/09/2026, 2:25:58 p. m.     LOG [RouterExplorer] Mapped {/api/v1/departments, POST} route +1ms
[Nest] 18964  - 29/09/2026, 2:25:58 p. m.     LOG [RouterExplorer] Mapped {/api/v1/departments, GET} route +0ms
[Nest] 18964  - 29/09/2026, 2:25:58 p. m.     LOG [RouterExplorer] Mapped {/api/v1/departments/:uuid, GET} route +0ms
[Nest] 18964  - 29/09/2026, 2:25:58 p. m.     LOG [RouterExplorer] Mapped {/api/v1/departments/:uuid, PATCH} route +0ms
[Nest] 18964  - 29/09/2026, 2:25:58 p. m.     LOG [RouterExplorer] Mapped {/api/v1/departments/:uuid, DELETE} route +0ms
[Nest] 18964  - 29/09/2026, 2:25:58 p. m.     LOG [RoutesResolver] ProvincesController {/api/v1/provinces}: +1ms
[Nest] 18964  - 29/09/2026, 2:25:58 p. m.     LOG [RouterExplorer] Mapped {/api/v1/provinces, POST} route +0ms
[Nest] 18964  - 29/09/2026, 2:25:58 p. m.     LOG [RouterExplorer] Mapped {/api/v1/provinces, GET} route +0ms
[Nest] 18964  - 29/09/2026, 2:25:58 p. m.     LOG [RouterExplorer] Mapped {/api/v1/provinces/by-department/:departmentId, GET} route +0ms
[Nest] 18964  - 29/09/2026, 2:25:58 p. m.     LOG [RouterExplorer] Mapped {/api/v1/provinces/:uuid, GET} route +0ms
[Nest] 18964  - 29/09/2026, 2:25:58 p. m.     LOG [RouterExplorer] Mapped {/api/v1/provinces/:uuid, PATCH} route +0ms
[Nest] 18964  - 29/09/2026, 2:25:58 p. m.     LOG [RouterExplorer] Mapped {/api/v1/provinces/:uuid, DELETE} route +0ms
[Nest] 18964  - 29/09/2026, 2:25:58 p. m.     LOG [RoutesResolver] DistrictsController {/api/v1/districts}: +0ms
[Nest] 18964  - 29/09/2026, 2:25:58 p. m.     LOG [RouterExplorer] Mapped {/api/v1/districts, POST} route +1ms
[Nest] 18964  - 29/09/2026, 2:25:58 p. m.     LOG [RouterExplorer] Mapped {/api/v1/districts, GET} route +0ms
[Nest] 18964  - 29/09/2026, 2:25:58 p. m.     LOG [RouterExplorer] Mapped {/api/v1/districts/by-province/:provinceId, GET} route +0ms
[Nest] 18964  - 29/09/2026, 2:25:58 p. m.     LOG [RouterExplorer] Mapped {/api/v1/districts/:uuid, GET} route +0ms
[Nest] 18964  - 29/09/2026, 2:25:58 p. m.     LOG [RouterExplorer] Mapped {/api/v1/districts/:uuid, PATCH} route +0ms
[Nest] 18964  - 29/09/2026, 2:25:58 p. m.     LOG [RouterExplorer] Mapped {/api/v1/districts/:uuid, DELETE} route +0ms
[Nest] 18964  - 29/09/2026, 2:25:58 p. m.     LOG [RoutesResolver] PropertiesController {/api/v1/properties}: +0ms
[Nest] 18964  - 29/09/2026, 2:25:58 p. m.     LOG [RouterExplorer] Mapped {/api/v1/properties, POST} route +0ms
[Nest] 18964  - 29/09/2026, 2:25:58 p. m.     LOG [RouterExplorer] Mapped {/api/v1/properties, GET} route +0ms
[Nest] 18964  - 29/09/2026, 2:25:58 p. m.     LOG [RouterExplorer] Mapped {/api/v1/properties/:uuid, GET} route +0ms
[Nest] 18964  - 29/09/2026, 2:25:58 p. m.     LOG [RouterExplorer] Mapped {/api/v1/properties/:uuid, PATCH} route +0ms
[Nest] 18964  - 29/09/2026, 2:25:58 p. m.     LOG [RouterExplorer] Mapped {/api/v1/properties/:uuid, DELETE} route +0ms
[Nest] 18964  - 29/09/2026, 2:25:58 p. m.     LOG [RoutesResolver] PropertySettingsController {/api/v1/properties/:propertyId/settings}: +0ms
[Nest] 18964  - 29/09/2026, 2:25:58 p. m.     LOG [RouterExplorer] Mapped {/api/v1/properties/:propertyId/settings, GET} route +1ms
[Nest] 18964  - 29/09/2026, 2:25:58 p. m.     LOG [RouterExplorer] Mapped {/api/v1/properties/:propertyId/settings, PATCH} route +0ms
[Nest] 18964  - 29/09/2026, 2:25:58 p. m.     LOG [RoutesResolver] FloorsController {/api/v1/properties/:propertyId/floors}: +0ms
[Nest] 18964  - 29/09/2026, 2:25:58 p. m.     LOG [RouterExplorer] Mapped {/api/v1/properties/:propertyId/floors, POST} route +0ms
[Nest] 18964  - 29/09/2026, 2:25:58 p. m.     LOG [RouterExplorer] Mapped {/api/v1/properties/:propertyId/floors, GET} route +0ms
[Nest] 18964  - 29/09/2026, 2:25:58 p. m.     LOG [RouterExplorer] Mapped {/api/v1/properties/:propertyId/floors/:uuid, GET} route +0ms
[Nest] 18964  - 29/09/2026, 2:25:58 p. m.     LOG [RouterExplorer] Mapped {/api/v1/properties/:propertyId/floors/:uuid, PATCH} route +0ms
[Nest] 18964  - 29/09/2026, 2:25:58 p. m.     LOG [RouterExplorer] Mapped {/api/v1/properties/:propertyId/floors/:uuid, DELETE} route +0ms
[Nest] 18964  - 29/09/2026, 2:25:58 p. m.     LOG [RoutesResolver] RoomTypesController {/api/v1/properties/:propertyId/room-types}: +0ms
[Nest] 18964  - 29/09/2026, 2:25:58 p. m.     LOG [RouterExplorer] Mapped {/api/v1/properties/:propertyId/room-types, POST} route +1ms
[Nest] 18964  - 29/09/2026, 2:25:58 p. m.     LOG [RouterExplorer] Mapped {/api/v1/properties/:propertyId/room-types, GET} route +0ms
[Nest] 18964  - 29/09/2026, 2:25:58 p. m.     LOG [RouterExplorer] Mapped {/api/v1/properties/:propertyId/room-types/:uuid, GET} route +0ms
[Nest] 18964  - 29/09/2026, 2:25:58 p. m.     LOG [RouterExplorer] Mapped {/api/v1/properties/:propertyId/room-types/:uuid, PATCH} route +0ms
[Nest] 18964  - 29/09/2026, 2:25:58 p. m.     LOG [RouterExplorer] Mapped {/api/v1/properties/:propertyId/room-types/:uuid, DELETE} route +0ms
[Nest] 18964  - 29/09/2026, 2:25:58 p. m.     LOG [RoutesResolver] RoomsController {/api/v1/properties/:propertyId/rooms}: +0ms
[Nest] 18964  - 29/09/2026, 2:25:58 p. m.     LOG [RouterExplorer] Mapped {/api/v1/properties/:propertyId/rooms, POST} route +0ms
[Nest] 18964  - 29/09/2026, 2:25:58 p. m.     LOG [RouterExplorer] Mapped {/api/v1/properties/:propertyId/rooms, GET} route +0ms
[Nest] 18964  - 29/09/2026, 2:25:58 p. m.     LOG [RouterExplorer] Mapped {/api/v1/properties/:propertyId/rooms/:uuid, GET} route +0ms
[Nest] 18964  - 29/09/2026, 2:25:58 p. m.     LOG [RouterExplorer] Mapped {/api/v1/properties/:propertyId/rooms/:uuid, PATCH} route +0ms
[Nest] 18964  - 29/09/2026, 2:25:58 p. m.     LOG [RouterExplorer] Mapped {/api/v1/properties/:propertyId/rooms/:uuid, DELETE} route +1ms
[Nest] 18964  - 29/09/2026, 2:25:58 p. m.     LOG [RoutesResolver] RolesController {/api/v1/properties/:propertyId/roles}: +0ms
[Nest] 18964  - 29/09/2026, 2:25:58 p. m.     LOG [RouterExplorer] Mapped {/api/v1/properties/:propertyId/roles, POST} route +0ms
[Nest] 18964  - 29/09/2026, 2:25:58 p. m.     LOG [RouterExplorer] Mapped {/api/v1/properties/:propertyId/roles, GET} route +0ms
[Nest] 18964  - 29/09/2026, 2:25:58 p. m.     LOG [RouterExplorer] Mapped {/api/v1/properties/:propertyId/roles/:uuid, GET} route +0ms
[Nest] 18964  - 29/09/2026, 2:25:58 p. m.     LOG [RouterExplorer] Mapped {/api/v1/properties/:propertyId/roles/:uuid/permissions, GET} route +0ms
[Nest] 18964  - 29/09/2026, 2:25:58 p. m.     LOG [RouterExplorer] Mapped {/api/v1/properties/:propertyId/roles/:uuid, PATCH} route +0ms
[Nest] 18964  - 29/09/2026, 2:25:58 p. m.     LOG [RouterExplorer] Mapped {/api/v1/properties/:propertyId/roles/:uuid, DELETE} route +1ms
[Nest] 18964  - 29/09/2026, 2:25:58 p. m.     LOG [RoutesResolver] PermissionGroupsController {/api/v1/permission-groups}: +0ms
[Nest] 18964  - 29/09/2026, 2:25:58 p. m.     LOG [RouterExplorer] Mapped {/api/v1/permission-groups, POST} route +0ms
[Nest] 18964  - 29/09/2026, 2:25:58 p. m.     LOG [RouterExplorer] Mapped {/api/v1/permission-groups, GET} route +0ms
[Nest] 18964  - 29/09/2026, 2:25:58 p. m.     LOG [RouterExplorer] Mapped {/api/v1/permission-groups/:uuid, GET} route +0ms
[Nest] 18964  - 29/09/2026, 2:25:58 p. m.     LOG [RouterExplorer] Mapped {/api/v1/permission-groups/:uuid, PATCH} route +0ms
[Nest] 18964  - 29/09/2026, 2:25:58 p. m.     LOG [RouterExplorer] Mapped {/api/v1/permission-groups/:uuid, DELETE} route +0ms
[Nest] 18964  - 29/09/2026, 2:25:58 p. m.     LOG [RoutesResolver] PermissionsController {/api/v1/permissions}: +0ms
[Nest] 18964  - 29/09/2026, 2:25:58 p. m.     LOG [RouterExplorer] Mapped {/api/v1/permissions, POST} route +0ms
[Nest] 18964  - 29/09/2026, 2:25:58 p. m.     LOG [RouterExplorer] Mapped {/api/v1/permissions, GET} route +0ms
[Nest] 18964  - 29/09/2026, 2:25:58 p. m.     LOG [RouterExplorer] Mapped {/api/v1/permissions/by-group/:permissionGroupId, GET} route +0ms
[Nest] 18964  - 29/09/2026, 2:25:58 p. m.     LOG [RouterExplorer] Mapped {/api/v1/permissions/:uuid, GET} route +0ms
[Nest] 18964  - 29/09/2026, 2:25:58 p. m.     LOG [RouterExplorer] Mapped {/api/v1/permissions/:uuid, PATCH} route +0ms
[Nest] 18964  - 29/09/2026, 2:25:58 p. m.     LOG [RouterExplorer] Mapped {/api/v1/permissions/:uuid, DELETE} route +0ms
[Nest] 18964  - 29/09/2026, 2:25:58 p. m.     LOG [RoutesResolver] EmployeesController {/api/v1/properties/:propertyId/employees}: +1ms
[Nest] 18964  - 29/09/2026, 2:25:58 p. m.     LOG [RouterExplorer] Mapped {/api/v1/properties/:propertyId/employees, POST} route +0ms
[Nest] 18964  - 29/09/2026, 2:25:58 p. m.     LOG [RouterExplorer] Mapped {/api/v1/properties/:propertyId/employees, GET} route +0ms
[Nest] 18964  - 29/09/2026, 2:25:58 p. m.     LOG [RouterExplorer] Mapped {/api/v1/properties/:propertyId/employees/:uuid, GET} route +0ms
[Nest] 18964  - 29/09/2026, 2:25:58 p. m.     LOG [RouterExplorer] Mapped {/api/v1/properties/:propertyId/employees/:uuid, PATCH} route +0ms
[Nest] 18964  - 29/09/2026, 2:25:58 p. m.     LOG [RouterExplorer] Mapped {/api/v1/properties/:propertyId/employees/:uuid, DELETE} route +0ms
[Nest] 18964  - 29/09/2026, 2:25:58 p. m.     LOG [RoutesResolver] GuestsController {/api/v1/properties/:propertyId/guests}: +0ms
[Nest] 18964  - 29/09/2026, 2:25:58 p. m.     LOG [RouterExplorer] Mapped {/api/v1/properties/:propertyId/guests, POST} route +0ms
[Nest] 18964  - 29/09/2026, 2:25:58 p. m.     LOG [RouterExplorer] Mapped {/api/v1/properties/:propertyId/guests, GET} route +0ms
[Nest] 18964  - 29/09/2026, 2:25:58 p. m.     LOG [RouterExplorer] Mapped {/api/v1/properties/:propertyId/guests/:uuid, GET} route +0ms
[Nest] 18964  - 29/09/2026, 2:25:58 p. m.     LOG [RouterExplorer] Mapped {/api/v1/properties/:propertyId/guests/:uuid, PATCH} route +0ms
[Nest] 18964  - 29/09/2026, 2:25:58 p. m.     LOG [RouterExplorer] Mapped {/api/v1/properties/:propertyId/guests/:uuid, DELETE} route +0ms
[Nest] 18964  - 29/09/2026, 2:25:58 p. m.     LOG [RoutesResolver] CompaniesController {/api/v1/properties/:propertyId/companies}: +0ms
[Nest] 18964  - 29/09/2026, 2:25:58 p. m.     LOG [RouterExplorer] Mapped {/api/v1/properties/:propertyId/companies, POST} route +1ms
[Nest] 18964  - 29/09/2026, 2:25:58 p. m.     LOG [RouterExplorer] Mapped {/api/v1/properties/:propertyId/companies, GET} route +0ms
[Nest] 18964  - 29/09/2026, 2:25:58 p. m.     LOG [RouterExplorer] Mapped {/api/v1/properties/:propertyId/companies/:uuid, GET} route +0ms
[Nest] 18964  - 29/09/2026, 2:25:58 p. m.     LOG [RouterExplorer] Mapped {/api/v1/properties/:propertyId/companies/:uuid, PATCH} route +0ms
[Nest] 18964  - 29/09/2026, 2:25:58 p. m.     LOG [RouterExplorer] Mapped {/api/v1/properties/:propertyId/companies/:uuid, DELETE} route +0ms
[Nest] 18964  - 29/09/2026, 2:25:58 p. m.     LOG [RoutesResolver] RatesController {/api/v1/properties/:propertyId/rates}: +0ms
[Nest] 18964  - 29/09/2026, 2:25:58 p. m.     LOG [RouterExplorer] Mapped {/api/v1/properties/:propertyId/rates, POST} route +0ms
[Nest] 18964  - 29/09/2026, 2:25:58 p. m.     LOG [RouterExplorer] Mapped {/api/v1/properties/:propertyId/rates, GET} route +0ms
[Nest] 18964  - 29/09/2026, 2:25:58 p. m.     LOG [RouterExplorer] Mapped {/api/v1/properties/:propertyId/rates/:uuid, GET} route +0ms
[Nest] 18964  - 29/09/2026, 2:25:58 p. m.     LOG [RouterExplorer] Mapped {/api/v1/properties/:propertyId/rates/:uuid, PATCH} route +1ms
[Nest] 18964  - 29/09/2026, 2:25:58 p. m.     LOG [RouterExplorer] Mapped {/api/v1/properties/:propertyId/rates/:uuid, DELETE} route +0ms
[Nest] 18964  - 29/09/2026, 2:25:58 p. m.     LOG [RoutesResolver] ReservationsController {/api/v1/properties/:propertyId/reservations}: +0ms
[Nest] 18964  - 29/09/2026, 2:25:58 p. m.     LOG [RouterExplorer] Mapped {/api/v1/properties/:propertyId/reservations, POST} route +0ms
[Nest] 18964  - 29/09/2026, 2:25:58 p. m.     LOG [RouterExplorer] Mapped {/api/v1/properties/:propertyId/reservations, GET} route +0ms
[Nest] 18964  - 29/09/2026, 2:25:58 p. m.     LOG [RouterExplorer] Mapped {/api/v1/properties/:propertyId/reservations/:uuid, GET} route +0ms
[Nest] 18964  - 29/09/2026, 2:25:58 p. m.     LOG [RouterExplorer] Mapped {/api/v1/properties/:propertyId/reservations/:uuid, PATCH} route +0ms
[Nest] 18964  - 29/09/2026, 2:25:58 p. m.     LOG [RouterExplorer] Mapped {/api/v1/properties/:propertyId/reservations/:uuid/cancel, POST} route +0ms
[Nest] 18964  - 29/09/2026, 2:25:58 p. m.     LOG [RoutesResolver] ReservationRoomsController {/api/v1/properties/:propertyId/reservations/:reservationUuid/rooms}: +0ms
[Nest] 18964  - 29/09/2026, 2:25:58 p. m.     LOG [RouterExplorer] Mapped {/api/v1/properties/:propertyId/reservations/:reservationUuid/rooms, GET} route +0ms
[Nest] 18964  - 29/09/2026, 2:25:58 p. m.     LOG [RouterExplorer] Mapped {/api/v1/properties/:propertyId/reservations/:reservationUuid/rooms/:uuid, GET} route +0ms
[Nest] 18964  - 29/09/2026, 2:25:58 p. m.     LOG [RouterExplorer] Mapped {/api/v1/properties/:propertyId/reservations/:reservationUuid/rooms, POST} route +0ms
[Nest] 18964  - 29/09/2026, 2:25:58 p. m.     LOG [RouterExplorer] Mapped {/api/v1/properties/:propertyId/reservations/:reservationUuid/rooms/:uuid, PATCH} route +1ms
[Nest] 18964  - 29/09/2026, 2:25:58 p. m.     LOG [RouterExplorer] Mapped {/api/v1/properties/:propertyId/reservations/:reservationUuid/rooms/:uuid, DELETE} route +0ms
[Nest] 18964  - 29/09/2026, 2:25:58 p. m.     LOG [RouterExplorer] Mapped {/api/v1/properties/:propertyId/reservations/:reservationUuid/rooms/:uuid/check-in, POST} route +0ms
[Nest] 18964  - 29/09/2026, 2:25:58 p. m.     LOG [RouterExplorer] Mapped {/api/v1/properties/:propertyId/reservations/:reservationUuid/rooms/:uuid/check-out, POST} route +0ms
[Nest] 18964  - 29/09/2026, 2:25:58 p. m.     LOG [RoutesResolver] ReservationGuestsController {/api/v1/properties/:propertyId/reservation-rooms/:reservationRoomUuid/guests}: +0ms
[Nest] 18964  - 29/09/2026, 2:25:58 p. m.     LOG [RouterExplorer] Mapped {/api/v1/properties/:propertyId/reservation-rooms/:reservationRoomUuid/guests, GET} route +0ms
[Nest] 18964  - 29/09/2026, 2:25:58 p. m.     LOG [RouterExplorer] Mapped {/api/v1/properties/:propertyId/reservation-rooms/:reservationRoomUuid/guests, POST} route +0ms
[Nest] 18964  - 29/09/2026, 2:25:58 p. m.     LOG [RouterExplorer] Mapped {/api/v1/properties/:propertyId/reservation-rooms/:reservationRoomUuid/guests/:id, PATCH} route +0ms
[Nest] 18964  - 29/09/2026, 2:25:58 p. m.     LOG [RouterExplorer] Mapped {/api/v1/properties/:propertyId/reservation-rooms/:reservationRoomUuid/guests/:id, DELETE} route +0ms
[Nest] 18964  - 29/09/2026, 2:25:58 p. m.     LOG [RoutesResolver] PaymentsController {/api/v1/properties/:propertyId}: +0ms
[Nest] 18964  - 29/09/2026, 2:25:58 p. m.     LOG [RouterExplorer] Mapped {/api/v1/properties/:propertyId/payments, GET} route +1ms
[Nest] 18964  - 29/09/2026, 2:25:58 p. m.     LOG [RouterExplorer] Mapped {/api/v1/properties/:propertyId/payments/:uuid, GET} route +0ms
[Nest] 18964  - 29/09/2026, 2:25:58 p. m.     LOG [RouterExplorer] Mapped {/api/v1/properties/:propertyId/reservations/:reservationUuid/payments, GET} route +0ms
[Nest] 18964  - 29/09/2026, 2:25:58 p. m.     LOG [RouterExplorer] Mapped {/api/v1/properties/:propertyId/reservations/:reservationUuid/payments, POST} route +0ms
[Nest] 18964  - 29/09/2026, 2:25:58 p. m.     LOG [RoutesResolver] AvailabilityController {/api/v1/properties/:propertyId/availability}: +0ms
[Nest] 18964  - 29/09/2026, 2:25:58 p. m.     LOG [RouterExplorer] Mapped {/api/v1/properties/:propertyId/availability, GET} route +0ms
[Nest] 18964  - 29/09/2026, 2:25:58 p. m.     LOG [RoutesResolver] FrontDeskController {/api/v1/properties/:propertyId/front-desk}: +0ms
[Nest] 18964  - 29/09/2026, 2:25:58 p. m.     LOG [RouterExplorer] Mapped {/api/v1/properties/:propertyId/front-desk, GET} route +0ms
[Nest] 18964  - 29/09/2026, 2:25:58 p. m.     LOG [RouterExplorer] Mapped {/api/v1/properties/:propertyId/front-desk/walk-in, POST} route +0ms
[Nest] 18964  - 29/09/2026, 2:25:58 p. m.     LOG [RoutesResolver] PlanningController {/api/v1/properties/:propertyId/planning}: +0ms
[Nest] 18964  - 29/09/2026, 2:25:58 p. m.     LOG [RouterExplorer] Mapped {/api/v1/properties/:propertyId/planning, GET} route +0ms
[Nest] 18964  - 29/09/2026, 2:25:58 p. m.     LOG [RoutesResolver] ReportsController {/api/v1/properties/:propertyId/reports}: +0ms
[Nest] 18964  - 29/09/2026, 2:25:58 p. m.     LOG [RouterExplorer] Mapped {/api/v1/properties/:propertyId/reports/guest-sheet, GET} route +0ms
[Nest] 18964  - 29/09/2026, 2:25:58 p. m.     LOG [NestApplication] Nest application successfully started +99ms
Swagger: http://localhost:3000/docs/
[[90m2:25:58 p. m.[0m] Found 0 errors. Watching for file changes.

[Nest] 14672  - 29/09/2026, 2:26:00 p. m.     LOG [NestFactory] Starting Nest application...
[Nest] 14672  - 29/09/2026, 2:26:00 p. m.     LOG [InstanceLoader] AppModule dependencies initialized +18ms
[Nest] 14672  - 29/09/2026, 2:26:00 p. m.     LOG [InstanceLoader] PrismaModule dependencies initialized +0ms
[Nest] 14672  - 29/09/2026, 2:26:00 p. m.     LOG [InstanceLoader] JwtModule dependencies initialized +7ms
[Nest] 14672  - 29/09/2026, 2:26:00 p. m.     LOG [InstanceLoader] DepartmentsModule dependencies initialized +2ms
[Nest] 14672  - 29/09/2026, 2:26:00 p. m.     LOG [InstanceLoader] PermissionGroupsModule dependencies initialized +0ms
[Nest] 14672  - 29/09/2026, 2:26:00 p. m.     LOG [InstanceLoader] ProvincesModule dependencies initialized +0ms
[Nest] 14672  - 29/09/2026, 2:26:00 p. m.     LOG [InstanceLoader] DistrictsModule dependencies initialized +1ms
[Nest] 14672  - 29/09/2026, 2:26:00 p. m.     LOG [InstanceLoader] PropertiesModule dependencies initialized +0ms
[Nest] 14672  - 29/09/2026, 2:26:00 p. m.     LOG [InstanceLoader] FloorsModule dependencies initialized +0ms
[Nest] 14672  - 29/09/2026, 2:26:00 p. m.     LOG [InstanceLoader] RoomTypesModule dependencies initialized +0ms
[Nest] 14672  - 29/09/2026, 2:26:00 p. m.     LOG [InstanceLoader] RoomsModule dependencies initialized +0ms
[Nest] 14672  - 29/09/2026, 2:26:00 p. m.     LOG [InstanceLoader] RolesModule dependencies initialized +0ms
[Nest] 14672  - 29/09/2026, 2:26:00 p. m.     LOG [InstanceLoader] PermissionsModule dependencies initialized +0ms
[Nest] 14672  - 29/09/2026, 2:26:00 p. m.     LOG [InstanceLoader] EmployeesModule dependencies initialized +0ms
[Nest] 14672  - 29/09/2026, 2:26:00 p. m.     LOG [InstanceLoader] GuestsModule dependencies initialized +0ms
[Nest] 14672  - 29/09/2026, 2:26:00 p. m.     LOG [InstanceLoader] CompaniesModule dependencies initialized +0ms
[Nest] 14672  - 29/09/2026, 2:26:00 p. m.     LOG [InstanceLoader] RatesModule dependencies initialized +0ms
[Nest] 14672  - 29/09/2026, 2:26:00 p. m.     LOG [InstanceLoader] ReportsModule dependencies initialized +0ms
[Nest] 14672  - 29/09/2026, 2:26:00 p. m.     LOG [InstanceLoader] AuthModule dependencies initialized +0ms
[Nest] 14672  - 29/09/2026, 2:26:00 p. m.     LOG [InstanceLoader] ReservationsModule dependencies initialized +0ms
[Nest] 14672  - 29/09/2026, 2:26:00 p. m.     LOG [RoutesResolver] AuthController {/api/v1/auth}: +94ms
[Nest] 14672  - 29/09/2026, 2:26:00 p. m.     LOG [RouterExplorer] Mapped {/api/v1/auth/login, POST} route +3ms
[Nest] 14672  - 29/09/2026, 2:26:00 p. m.     LOG [RouterExplorer] Mapped {/api/v1/auth/google, POST} route +0ms
[Nest] 14672  - 29/09/2026, 2:26:00 p. m.     LOG [RouterExplorer] Mapped {/api/v1/auth/google, GET} route +0ms
[Nest] 14672  - 29/09/2026, 2:26:00 p. m.     LOG [RouterExplorer] Mapped {/api/v1/auth/google/callback, GET} route +1ms
[Nest] 14672  - 29/09/2026, 2:26:00 p. m.     LOG [RouterExplorer] Mapped {/api/v1/auth/me, GET} route +0ms
[Nest] 14672  - 29/09/2026, 2:26:00 p. m.     LOG [RouterExplorer] Mapped {/api/v1/auth/logout, POST} route +0ms
[Nest] 14672  - 29/09/2026, 2:26:00 p. m.     LOG [RouterExplorer] Mapped {/api/v1/auth/google/logout, POST} route +0ms
[Nest] 14672  - 29/09/2026, 2:26:00 p. m.     LOG [RoutesResolver] MaterioLoginController {/api/v1}: +0ms
[Nest] 14672  - 29/09/2026, 2:26:00 p. m.     LOG [RouterExplorer] Mapped {/api/v1/login, POST} route +1ms
[Nest] 14672  - 29/09/2026, 2:26:00 p. m.     LOG [RoutesResolver] DepartmentsController {/api/v1/departments}: +0ms
[Nest] 14672  - 29/09/2026, 2:26:00 p. m.     LOG [RouterExplorer] Mapped {/api/v1/departments, POST} route +0ms
[Nest] 14672  - 29/09/2026, 2:26:00 p. m.     LOG [RouterExplorer] Mapped {/api/v1/departments, GET} route +0ms
[Nest] 14672  - 29/09/2026, 2:26:00 p. m.     LOG [RouterExplorer] Mapped {/api/v1/departments/:uuid, GET} route +1ms
[Nest] 14672  - 29/09/2026, 2:26:00 p. m.     LOG [RouterExplorer] Mapped {/api/v1/departments/:uuid, PATCH} route +0ms
[Nest] 14672  - 29/09/2026, 2:26:00 p. m.     LOG [RouterExplorer] Mapped {/api/v1/departments/:uuid, DELETE} route +0ms
[Nest] 14672  - 29/09/2026, 2:26:00 p. m.     LOG [RoutesResolver] ProvincesController {/api/v1/provinces}: +0ms
[Nest] 14672  - 29/09/2026, 2:26:00 p. m.     LOG [RouterExplorer] Mapped {/api/v1/provinces, POST} route +0ms
[Nest] 14672  - 29/09/2026, 2:26:00 p. m.     LOG [RouterExplorer] Mapped {/api/v1/provinces, GET} route +0ms
[Nest] 14672  - 29/09/2026, 2:26:00 p. m.     LOG [RouterExplorer] Mapped {/api/v1/provinces/by-department/:departmentId, GET} route +0ms
[Nest] 14672  - 29/09/2026, 2:26:00 p. m.     LOG [RouterExplorer] Mapped {/api/v1/provinces/:uuid, GET} route +1ms
[Nest] 14672  - 29/09/2026, 2:26:00 p. m.     LOG [RouterExplorer] Mapped {/api/v1/provinces/:uuid, PATCH} route +0ms
[Nest] 14672  - 29/09/2026, 2:26:00 p. m.     LOG [RouterExplorer] Mapped {/api/v1/provinces/:uuid, DELETE} route +0ms
[Nest] 14672  - 29/09/2026, 2:26:00 p. m.     LOG [RoutesResolver] DistrictsController {/api/v1/districts}: +0ms
[Nest] 14672  - 29/09/2026, 2:26:00 p. m.     LOG [RouterExplorer] Mapped {/api/v1/districts, POST} route +0ms
[Nest] 14672  - 29/09/2026, 2:26:00 p. m.     LOG [RouterExplorer] Mapped {/api/v1/districts, GET} route +0ms
[Nest] 14672  - 29/09/2026, 2:26:00 p. m.     LOG [RouterExplorer] Mapped {/api/v1/districts/by-province/:provinceId, GET} route +0ms
[Nest] 14672  - 29/09/2026, 2:26:00 p. m.     LOG [RouterExplorer] Mapped {/api/v1/districts/:uuid, GET} route +0ms
[Nest] 14672  - 29/09/2026, 2:26:00 p. m.     LOG [RouterExplorer] Mapped {/api/v1/districts/:uuid, PATCH} route +0ms
[Nest] 14672  - 29/09/2026, 2:26:00 p. m.     LOG [RouterExplorer] Mapped {/api/v1/districts/:uuid, DELETE} route +0ms
[Nest] 14672  - 29/09/2026, 2:26:00 p. m.     LOG [RoutesResolver] PropertiesController {/api/v1/properties}: +0ms
[Nest] 14672  - 29/09/2026, 2:26:00 p. m.     LOG [RouterExplorer] Mapped {/api/v1/properties, POST} route +1ms
[Nest] 14672  - 29/09/2026, 2:26:00 p. m.     LOG [RouterExplorer] Mapped {/api/v1/properties, GET} route +0ms
[Nest] 14672  - 29/09/2026, 2:26:00 p. m.     LOG [RouterExplorer] Mapped {/api/v1/properties/:uuid, GET} route +0ms
[Nest] 14672  - 29/09/2026, 2:26:00 p. m.     LOG [RouterExplorer] Mapped {/api/v1/properties/:uuid, PATCH} route +0ms
[Nest] 14672  - 29/09/2026, 2:26:00 p. m.     LOG [RouterExplorer] Mapped {/api/v1/properties/:uuid, DELETE} route +0ms
[Nest] 14672  - 29/09/2026, 2:26:00 p. m.     LOG [RoutesResolver] PropertySettingsController {/api/v1/properties/:propertyId/settings}: +0ms
[Nest] 14672  - 29/09/2026, 2:26:00 p. m.     LOG [RouterExplorer] Mapped {/api/v1/properties/:propertyId/settings, GET} route +0ms
[Nest] 14672  - 29/09/2026, 2:26:00 p. m.     LOG [RouterExplorer] Mapped {/api/v1/properties/:propertyId/settings, PATCH} route +0ms
[Nest] 14672  - 29/09/2026, 2:26:00 p. m.     LOG [RoutesResolver] FloorsController {/api/v1/properties/:propertyId/floors}: +0ms
[Nest] 14672  - 29/09/2026, 2:26:00 p. m.     LOG [RouterExplorer] Mapped {/api/v1/properties/:propertyId/floors, POST} route +0ms
[Nest] 14672  - 29/09/2026, 2:26:00 p. m.     LOG [RouterExplorer] Mapped {/api/v1/properties/:propertyId/floors, GET} route +1ms
[Nest] 14672  - 29/09/2026, 2:26:00 p. m.     LOG [RouterExplorer] Mapped {/api/v1/properties/:propertyId/floors/:uuid, GET} route +0ms
[Nest] 14672  - 29/09/2026, 2:26:00 p. m.     LOG [RouterExplorer] Mapped {/api/v1/properties/:propertyId/floors/:uuid, PATCH} route +0ms
[Nest] 14672  - 29/09/2026, 2:26:00 p. m.     LOG [RouterExplorer] Mapped {/api/v1/properties/:propertyId/floors/:uuid, DELETE} route +0ms
[Nest] 14672  - 29/09/2026, 2:26:00 p. m.     LOG [RoutesResolver] RoomTypesController {/api/v1/properties/:propertyId/room-types}: +0ms
[Nest] 14672  - 29/09/2026, 2:26:00 p. m.     LOG [RouterExplorer] Mapped {/api/v1/properties/:propertyId/room-types, POST} route +0ms
[Nest] 14672  - 29/09/2026, 2:26:00 p. m.     LOG [RouterExplorer] Mapped {/api/v1/properties/:propertyId/room-types, GET} route +0ms
[Nest] 14672  - 29/09/2026, 2:26:00 p. m.     LOG [RouterExplorer] Mapped {/api/v1/properties/:propertyId/room-types/:uuid, GET} route +0ms
[Nest] 14672  - 29/09/2026, 2:26:00 p. m.     LOG [RouterExplorer] Mapped {/api/v1/properties/:propertyId/room-types/:uuid, PATCH} route +0ms
[Nest] 14672  - 29/09/2026, 2:26:00 p. m.     LOG [RouterExplorer] Mapped {/api/v1/properties/:propertyId/room-types/:uuid, DELETE} route +1ms
[Nest] 14672  - 29/09/2026, 2:26:00 p. m.     LOG [RoutesResolver] RoomsController {/api/v1/properties/:propertyId/rooms}: +0ms
[Nest] 14672  - 29/09/2026, 2:26:00 p. m.     LOG [RouterExplorer] Mapped {/api/v1/properties/:propertyId/rooms, POST} route +0ms
[Nest] 14672  - 29/09/2026, 2:26:00 p. m.     LOG [RouterExplorer] Mapped {/api/v1/properties/:propertyId/rooms, GET} route +0ms
[Nest] 14672  - 29/09/2026, 2:26:00 p. m.     LOG [RouterExplorer] Mapped {/api/v1/properties/:propertyId/rooms/:uuid, GET} route +0ms
[Nest] 14672  - 29/09/2026, 2:26:00 p. m.     LOG [RouterExplorer] Mapped {/api/v1/properties/:propertyId/rooms/:uuid, PATCH} route +0ms
[Nest] 14672  - 29/09/2026, 2:26:00 p. m.     LOG [RouterExplorer] Mapped {/api/v1/properties/:propertyId/rooms/:uuid, DELETE} route +0ms
[Nest] 14672  - 29/09/2026, 2:26:00 p. m.     LOG [RoutesResolver] RolesController {/api/v1/properties/:propertyId/roles}: +0ms
[Nest] 14672  - 29/09/2026, 2:26:00 p. m.     LOG [RouterExplorer] Mapped {/api/v1/properties/:propertyId/roles, POST} route +0ms
[Nest] 14672  - 29/09/2026, 2:26:00 p. m.     LOG [RouterExplorer] Mapped {/api/v1/properties/:propertyId/roles, GET} route +0ms
[Nest] 14672  - 29/09/2026, 2:26:00 p. m.     LOG [RouterExplorer] Mapped {/api/v1/properties/:propertyId/roles/:uuid, GET} route +1ms
[Nest] 14672  - 29/09/2026, 2:26:00 p. m.     LOG [RouterExplorer] Mapped {/api/v1/properties/:propertyId/roles/:uuid/permissions, GET} route +0ms
[Nest] 14672  - 29/09/2026, 2:26:00 p. m.     LOG [RouterExplorer] Mapped {/api/v1/properties/:propertyId/roles/:uuid, PATCH} route +0ms
[Nest] 14672  - 29/09/2026, 2:26:00 p. m.     LOG [RouterExplorer] Mapped {/api/v1/properties/:propertyId/roles/:uuid, DELETE} route +0ms
[Nest] 14672  - 29/09/2026, 2:26:00 p. m.     LOG [RoutesResolver] PermissionGroupsController {/api/v1/permission-groups}: +0ms
[Nest] 14672  - 29/09/2026, 2:26:00 p. m.     LOG [RouterExplorer] Mapped {/api/v1/permission-groups, POST} route +0ms
[Nest] 14672  - 29/09/2026, 2:26:00 p. m.     LOG [RouterExplorer] Mapped {/api/v1/permission-groups, GET} route +0ms
[Nest] 14672  - 29/09/2026, 2:26:00 p. m.     LOG [RouterExplorer] Mapped {/api/v1/permission-groups/:uuid, GET} route +0ms
[Nest] 14672  - 29/09/2026, 2:26:00 p. m.     LOG [RouterExplorer] Mapped {/api/v1/permission-groups/:uuid, PATCH} route +0ms
[Nest] 14672  - 29/09/2026, 2:26:00 p. m.     LOG [RouterExplorer] Mapped {/api/v1/permission-groups/:uuid, DELETE} route +0ms
[Nest] 14672  - 29/09/2026, 2:26:00 p. m.     LOG [RoutesResolver] PermissionsController {/api/v1/permissions}: +0ms
[Nest] 14672  - 29/09/2026, 2:26:00 p. m.     LOG [RouterExplorer] Mapped {/api/v1/permissions, POST} route +0ms
[Nest] 14672  - 29/09/2026, 2:26:00 p. m.     LOG [RouterExplorer] Mapped {/api/v1/permissions, GET} route +1ms
[Nest] 14672  - 29/09/2026, 2:26:00 p. m.     LOG [RouterExplorer] Mapped {/api/v1/permissions/by-group/:permissionGroupId, GET} route +0ms
[Nest] 14672  - 29/09/2026, 2:26:00 p. m.     LOG [RouterExplorer] Mapped {/api/v1/permissions/:uuid, GET} route +0ms
[Nest] 14672  - 29/09/2026, 2:26:00 p. m.     LOG [RouterExplorer] Mapped {/api/v1/permissions/:uuid, PATCH} route +0ms
[Nest] 14672  - 29/09/2026, 2:26:00 p. m.     LOG [RouterExplorer] Mapped {/api/v1/permissions/:uuid, DELETE} route +0ms
[Nest] 14672  - 29/09/2026, 2:26:00 p. m.     LOG [RoutesResolver] EmployeesController {/api/v1/properties/:propertyId/employees}: +0ms
[Nest] 14672  - 29/09/2026, 2:26:00 p. m.     LOG [RouterExplorer] Mapped {/api/v1/properties/:propertyId/employees, POST} route +0ms
[Nest] 14672  - 29/09/2026, 2:26:00 p. m.     LOG [RouterExplorer] Mapped {/api/v1/properties/:propertyId/employees, GET} route +0ms
[Nest] 14672  - 29/09/2026, 2:26:00 p. m.     LOG [RouterExplorer] Mapped {/api/v1/properties/:propertyId/employees/:uuid, GET} route +0ms
[Nest] 14672  - 29/09/2026, 2:26:00 p. m.     LOG [RouterExplorer] Mapped {/api/v1/properties/:propertyId/employees/:uuid, PATCH} route +0ms
[Nest] 14672  - 29/09/2026, 2:26:00 p. m.     LOG [RouterExplorer] Mapped {/api/v1/properties/:propertyId/employees/:uuid, DELETE} route +0ms
[Nest] 14672  - 29/09/2026, 2:26:00 p. m.     LOG [RoutesResolver] GuestsController {/api/v1/properties/:propertyId/guests}: +0ms
[Nest] 14672  - 29/09/2026, 2:26:00 p. m.     LOG [RouterExplorer] Mapped {/api/v1/properties/:propertyId/guests, POST} route +1ms
[Nest] 14672  - 29/09/2026, 2:26:00 p. m.     LOG [RouterExplorer] Mapped {/api/v1/properties/:propertyId/guests, GET} route +0ms
[Nest] 14672  - 29/09/2026, 2:26:00 p. m.     LOG [RouterExplorer] Mapped {/api/v1/properties/:propertyId/guests/:uuid, GET} route +0ms
[Nest] 14672  - 29/09/2026, 2:26:00 p. m.     LOG [RouterExplorer] Mapped {/api/v1/properties/:propertyId/guests/:uuid, PATCH} route +0ms
[Nest] 14672  - 29/09/2026, 2:26:00 p. m.     LOG [RouterExplorer] Mapped {/api/v1/properties/:propertyId/guests/:uuid, DELETE} route +0ms
[Nest] 14672  - 29/09/2026, 2:26:00 p. m.     LOG [RoutesResolver] CompaniesController {/api/v1/properties/:propertyId/companies}: +0ms
[Nest] 14672  - 29/09/2026, 2:26:00 p. m.     LOG [RouterExplorer] Mapped {/api/v1/properties/:propertyId/companies, POST} route +0ms
[Nest] 14672  - 29/09/2026, 2:26:00 p. m.     LOG [RouterExplorer] Mapped {/api/v1/properties/:propertyId/companies, GET} route +0ms
[Nest] 14672  - 29/09/2026, 2:26:00 p. m.     LOG [RouterExplorer] Mapped {/api/v1/properties/:propertyId/companies/:uuid, GET} route +0ms
[Nest] 14672  - 29/09/2026, 2:26:00 p. m.     LOG [RouterExplorer] Mapped {/api/v1/properties/:propertyId/companies/:uuid, PATCH} route +0ms
[Nest] 14672  - 29/09/2026, 2:26:00 p. m.     LOG [RouterExplorer] Mapped {/api/v1/properties/:propertyId/companies/:uuid, DELETE} route +0ms
[Nest] 14672  - 29/09/2026, 2:26:00 p. m.     LOG [RoutesResolver] RatesController {/api/v1/properties/:propertyId/rates}: +1ms
[Nest] 14672  - 29/09/2026, 2:26:00 p. m.     LOG [RouterExplorer] Mapped {/api/v1/properties/:propertyId/rates, POST} route +0ms
[Nest] 14672  - 29/09/2026, 2:26:00 p. m.     LOG [RouterExplorer] Mapped {/api/v1/properties/:propertyId/rates, GET} route +0ms
[Nest] 14672  - 29/09/2026, 2:26:00 p. m.     LOG [RouterExplorer] Mapped {/api/v1/properties/:propertyId/rates/:uuid, GET} route +0ms
[Nest] 14672  - 29/09/2026, 2:26:00 p. m.     LOG [RouterExplorer] Mapped {/api/v1/properties/:propertyId/rates/:uuid, PATCH} route +0ms
[Nest] 14672  - 29/09/2026, 2:26:00 p. m.     LOG [RouterExplorer] Mapped {/api/v1/properties/:propertyId/rates/:uuid, DELETE} route +0ms
[Nest] 14672  - 29/09/2026, 2:26:00 p. m.     LOG [RoutesResolver] ReservationsController {/api/v1/properties/:propertyId/reservations}: +0ms
[Nest] 14672  - 29/09/2026, 2:26:00 p. m.     LOG [RouterExplorer] Mapped {/api/v1/properties/:propertyId/reservations, POST} route +0ms
[Nest] 14672  - 29/09/2026, 2:26:00 p. m.     LOG [RouterExplorer] Mapped {/api/v1/properties/:propertyId/reservations, GET} route +0ms
[Nest] 14672  - 29/09/2026, 2:26:00 p. m.     LOG [RouterExplorer] Mapped {/api/v1/properties/:propertyId/reservations/:uuid, GET} route +0ms
[Nest] 14672  - 29/09/2026, 2:26:00 p. m.     LOG [RouterExplorer] Mapped {/api/v1/properties/:propertyId/reservations/:uuid, PATCH} route +0ms
[Nest] 14672  - 29/09/2026, 2:26:00 p. m.     LOG [RouterExplorer] Mapped {/api/v1/properties/:propertyId/reservations/:uuid/cancel, POST} route +1ms
[Nest] 14672  - 29/09/2026, 2:26:00 p. m.     LOG [RoutesResolver] ReservationRoomsController {/api/v1/properties/:propertyId/reservations/:reservationUuid/rooms}: +0ms
[Nest] 14672  - 29/09/2026, 2:26:00 p. m.     LOG [RouterExplorer] Mapped {/api/v1/properties/:propertyId/reservations/:reservationUuid/rooms, GET} route +0ms
[Nest] 14672  - 29/09/2026, 2:26:00 p. m.     LOG [RouterExplorer] Mapped {/api/v1/properties/:propertyId/reservations/:reservationUuid/rooms/:uuid, GET} route +0ms
[Nest] 14672  - 29/09/2026, 2:26:00 p. m.     LOG [RouterExplorer] Mapped {/api/v1/properties/:propertyId/reservations/:reservationUuid/rooms, POST} route +0ms
[Nest] 14672  - 29/09/2026, 2:26:00 p. m.     LOG [RouterExplorer] Mapped {/api/v1/properties/:propertyId/reservations/:reservationUuid/rooms/:uuid, PATCH} route +0ms
[Nest] 14672  - 29/09/2026, 2:26:00 p. m.     LOG [RouterExplorer] Mapped {/api/v1/properties/:propertyId/reservations/:reservationUuid/rooms/:uuid, DELETE} route +0ms
[Nest] 14672  - 29/09/2026, 2:26:00 p. m.     LOG [RouterExplorer] Mapped {/api/v1/properties/:propertyId/reservations/:reservationUuid/rooms/:uuid/check-in, POST} route +0ms
[Nest] 14672  - 29/09/2026, 2:26:00 p. m.     LOG [RouterExplorer] Mapped {/api/v1/properties/:propertyId/reservations/:reservationUuid/rooms/:uuid/check-out, POST} route +0ms
[Nest] 14672  - 29/09/2026, 2:26:00 p. m.     LOG [RoutesResolver] ReservationGuestsController {/api/v1/properties/:propertyId/reservation-rooms/:reservationRoomUuid/guests}: +0ms
[Nest] 14672  - 29/09/2026, 2:26:00 p. m.     LOG [RouterExplorer] Mapped {/api/v1/properties/:propertyId/reservation-rooms/:reservationRoomUuid/guests, GET} route +1ms
[Nest] 14672  - 29/09/2026, 2:26:00 p. m.     LOG [RouterExplorer] Mapped {/api/v1/properties/:propertyId/reservation-rooms/:reservationRoomUuid/guests, POST} route +0ms
[Nest] 14672  - 29/09/2026, 2:26:00 p. m.     LOG [RouterExplorer] Mapped {/api/v1/properties/:propertyId/reservation-rooms/:reservationRoomUuid/guests/:id, PATCH} route +0ms
[Nest] 14672  - 29/09/2026, 2:26:00 p. m.     LOG [RouterExplorer] Mapped {/api/v1/properties/:propertyId/reservation-rooms/:reservationRoomUuid/guests/:id, DELETE} route +0ms
[Nest] 14672  - 29/09/2026, 2:26:00 p. m.     LOG [RoutesResolver] PaymentsController {/api/v1/properties/:propertyId}: +0ms
[Nest] 14672  - 29/09/2026, 2:26:00 p. m.     LOG [RouterExplorer] Mapped {/api/v1/properties/:propertyId/payments, GET} route +0ms
[Nest] 14672  - 29/09/2026, 2:26:00 p. m.     LOG [RouterExplorer] Mapped {/api/v1/properties/:propertyId/payments/:uuid, GET} route +0ms
[Nest] 14672  - 29/09/2026, 2:26:00 p. m.     LOG [RouterExplorer] Mapped {/api/v1/properties/:propertyId/reservations/:reservationUuid/payments, GET} route +0ms
[Nest] 14672  - 29/09/2026, 2:26:00 p. m.     LOG [RouterExplorer] Mapped {/api/v1/properties/:propertyId/reservations/:reservationUuid/payments, POST} route +0ms
[Nest] 14672  - 29/09/2026, 2:26:00 p. m.     LOG [RoutesResolver] AvailabilityController {/api/v1/properties/:propertyId/availability}: +0ms
[Nest] 14672  - 29/09/2026, 2:26:00 p. m.     LOG [RouterExplorer] Mapped {/api/v1/properties/:propertyId/availability, GET} route +0ms
[Nest] 14672  - 29/09/2026, 2:26:00 p. m.     LOG [RoutesResolver] FrontDeskController {/api/v1/properties/:propertyId/front-desk}: +0ms
[Nest] 14672  - 29/09/2026, 2:26:00 p. m.     LOG [RouterExplorer] Mapped {/api/v1/properties/:propertyId/front-desk, GET} route +1ms
[Nest] 14672  - 29/09/2026, 2:26:00 p. m.     LOG [RouterExplorer] Mapped {/api/v1/properties/:propertyId/front-desk/walk-in, POST} route +0ms
[Nest] 14672  - 29/09/2026, 2:26:00 p. m.     LOG [RoutesResolver] PlanningController {/api/v1/properties/:propertyId/planning}: +0ms
[Nest] 14672  - 29/09/2026, 2:26:00 p. m.     LOG [RouterExplorer] Mapped {/api/v1/properties/:propertyId/planning, GET} route +0ms
[Nest] 14672  - 29/09/2026, 2:26:00 p. m.     LOG [RoutesResolver] ReportsController {/api/v1/properties/:propertyId/reports}: +0ms
[Nest] 14672  - 29/09/2026, 2:26:00 p. m.     LOG [RouterExplorer] Mapped {/api/v1/properties/:propertyId/reports/guest-sheet, GET} route +0ms
[Nest] 14672  - 29/09/2026, 2:26:00 p. m.     LOG [NestApplication] Nest application successfully started +39ms
Swagger: http://localhost:3000/docs/
